SCHOOL_YEAR,SCHOOL_NAME,SCHOOL_NUMBER,DEMOGRAPHIC_CATEGORY,DEMOGRAPHIC,MAGNET_STUDENTS,TRADITIONAL_STUDENTS
2020 ,SPOTO HIGH SCHOOL,0043,ELL Status,No,119 ,1263 
2020 ,SPOTO HIGH SCHOOL,0043,ELL Status,Yes,0 ,170 
2020 ,SPOTO HIGH SCHOOL,0043,ESE Status,No,119 ,1176 
2020 ,SPOTO HIGH SCHOOL,0043,ESE Status,Yes,0 ,257 
2020 ,SPOTO HIGH SCHOOL,0043,Ethnicity,ASIAN,0 ,25 
2020 ,SPOTO HIGH SCHOOL,0043,Ethnicity,BLACK,38 ,549 
2020 ,SPOTO HIGH SCHOOL,0043,Ethnicity,HISPANIC,31 ,570 
2020 ,SPOTO HIGH SCHOOL,0043,Ethnicity,INDIAN,0 ,0 
2020 ,SPOTO HIGH SCHOOL,0043,Ethnicity,MULTI,14 ,79 
2020 ,SPOTO HIGH SCHOOL,0043,Ethnicity,WHITE,35 ,206 
2020 ,SPOTO HIGH SCHOOL,0043,Gender,Female,69 ,715 
2020 ,SPOTO HIGH SCHOOL,0043,Gender,Male,51 ,718 
2020 ,SPOTO HIGH SCHOOL,0043,Meal Status,FREE/REDUCED LUNCH,66 ,1121 
2020 ,SPOTO HIGH SCHOOL,0043,Meal Status,NON FREE/REDUCED,54 ,312 
2020 ,SPOTO HIGH SCHOOL,0043,School Total,School Total,120 ,1433 
2020 ,LENNARD HIGH SCHOOL,0073,ELL Status,No,360 ,1764 
2020 ,LENNARD HIGH SCHOOL,0073,ELL Status,Yes,0 ,141 
2020 ,LENNARD HIGH SCHOOL,0073,ESE Status,No,357 ,1645 
2020 ,LENNARD HIGH SCHOOL,0073,ESE Status,Yes,0 ,260 
2020 ,LENNARD HIGH SCHOOL,0073,Ethnicity,ASIAN,21 ,27 
2020 ,LENNARD HIGH SCHOOL,0073,Ethnicity,BLACK,55 ,434 
2020 ,LENNARD HIGH SCHOOL,0073,Ethnicity,HISPANIC,80 ,913 
2020 ,LENNARD HIGH SCHOOL,0073,Ethnicity,INDIAN,0 ,0 
2020 ,LENNARD HIGH SCHOOL,0073,Ethnicity,MULTI,19 ,95 
2020 ,LENNARD HIGH SCHOOL,0073,Ethnicity,WHITE,182 ,433 
2020 ,LENNARD HIGH SCHOOL,0073,Gender,Female,219 ,958 
2020 ,LENNARD HIGH SCHOOL,0073,Gender,Male,141 ,947 
2020 ,LENNARD HIGH SCHOOL,0073,Meal Status,FREE/REDUCED LUNCH,127 ,1384 
2020 ,LENNARD HIGH SCHOOL,0073,Meal Status,NON FREE/REDUCED,233 ,521 
2020 ,LENNARD HIGH SCHOOL,0073,School Total,School Total,360 ,1905 
2020 ,STRAWBERRY CREST HIGH SCHOOL,0093,ELL Status,No,514 ,1646 
2020 ,STRAWBERRY CREST HIGH SCHOOL,0093,ELL Status,Yes,0 ,93 
2020 ,STRAWBERRY CREST HIGH SCHOOL,0093,ESE Status,No,511 ,1560 
2020 ,STRAWBERRY CREST HIGH SCHOOL,0093,ESE Status,Yes,0 ,179 
2020 ,STRAWBERRY CREST HIGH SCHOOL,0093,Ethnicity,ASIAN,220 ,30 
2020 ,STRAWBERRY CREST HIGH SCHOOL,0093,Ethnicity,BLACK,27 ,83 
2020 ,STRAWBERRY CREST HIGH SCHOOL,0093,Ethnicity,HISPANIC,91 ,865 
2020 ,STRAWBERRY CREST HIGH SCHOOL,0093,Ethnicity,INDIAN,0 ,0 
2020 ,STRAWBERRY CREST HIGH SCHOOL,0093,Ethnicity,MULTI,35 ,58 
2020 ,STRAWBERRY CREST HIGH SCHOOL,0093,Ethnicity,WHITE,142 ,701 
2020 ,STRAWBERRY CREST HIGH SCHOOL,0093,Gender,Female,289 ,910 
2020 ,STRAWBERRY CREST HIGH SCHOOL,0093,Gender,Male,226 ,829 
2020 ,STRAWBERRY CREST HIGH SCHOOL,0093,Meal Status,FREE/REDUCED LUNCH,92 ,1156 
2020 ,STRAWBERRY CREST HIGH SCHOOL,0093,Meal Status,NON FREE/REDUCED,423 ,583 
2020 ,STRAWBERRY CREST HIGH SCHOOL,0093,School Total,School Total,515 ,1739 
2020 ,ARMWOOD HIGH SCHOOL,0131,ELL Status,No,380 ,1593 
2020 ,ARMWOOD HIGH SCHOOL,0131,ELL Status,Yes,0 ,119 
2020 ,ARMWOOD HIGH SCHOOL,0131,ESE Status,No,375 ,1381 
2020 ,ARMWOOD HIGH SCHOOL,0131,ESE Status,Yes,0 ,331 
2020 ,ARMWOOD HIGH SCHOOL,0131,Ethnicity,ASIAN,16 ,27 
2020 ,ARMWOOD HIGH SCHOOL,0131,Ethnicity,BLACK,126 ,609 
2020 ,ARMWOOD HIGH SCHOOL,0131,Ethnicity,HISPANIC,79 ,602 
2020 ,ARMWOOD HIGH SCHOOL,0131,Ethnicity,INDIAN,0 ,0 
2020 ,ARMWOOD HIGH SCHOOL,0131,Ethnicity,MULTI,29 ,83 
2020 ,ARMWOOD HIGH SCHOOL,0131,Ethnicity,WHITE,127 ,388 
2020 ,ARMWOOD HIGH SCHOOL,0131,Gender,Female,258 ,814 
2020 ,ARMWOOD HIGH SCHOOL,0131,Gender,Male,122 ,898 
2020 ,ARMWOOD HIGH SCHOOL,0131,Meal Status,FREE/REDUCED LUNCH,188 ,1528 
2020 ,ARMWOOD HIGH SCHOOL,0131,Meal Status,NON FREE/REDUCED,192 ,184 
2020 ,ARMWOOD HIGH SCHOOL,0131,School Total,School Total,380 ,1712 
2020 ,ALONSO HIGH SCHOOL,0151,ELL Status,No,127 ,2095 
2020 ,ALONSO HIGH SCHOOL,0151,ELL Status,Yes,0 ,205 
2020 ,ALONSO HIGH SCHOOL,0151,ESE Status,No,128 ,2048 
2020 ,ALONSO HIGH SCHOOL,0151,ESE Status,Yes,0 ,252 
2020 ,ALONSO HIGH SCHOOL,0151,Ethnicity,ASIAN,16 ,100 
2020 ,ALONSO HIGH SCHOOL,0151,Ethnicity,BLACK,0 ,157 
2020 ,ALONSO HIGH SCHOOL,0151,Ethnicity,HISPANIC,52 ,1273 
2020 ,ALONSO HIGH SCHOOL,0151,Ethnicity,INDIAN,0 ,0 
2020 ,ALONSO HIGH SCHOOL,0151,Ethnicity,MULTI,0 ,101 
2020 ,ALONSO HIGH SCHOOL,0151,Ethnicity,WHITE,46 ,668 
2020 ,ALONSO HIGH SCHOOL,0151,Gender,Female,65 ,1123 
2020 ,ALONSO HIGH SCHOOL,0151,Gender,Male,66 ,1177 
2020 ,ALONSO HIGH SCHOOL,0151,Meal Status,FREE/REDUCED LUNCH,49 ,1466 
2020 ,ALONSO HIGH SCHOOL,0151,Meal Status,NON FREE/REDUCED,82 ,834 
2020 ,ALONSO HIGH SCHOOL,0151,School Total,School Total,131 ,2300 
2020 ,BLAKE HIGH SCHOOL,0281,ELL Status,No,870 ,599 
2020 ,BLAKE HIGH SCHOOL,0281,ELL Status,Yes,0 ,65 
2020 ,BLAKE HIGH SCHOOL,0281,ESE Status,No,826 ,522 
2020 ,BLAKE HIGH SCHOOL,0281,ESE Status,Yes,53 ,142 
2020 ,BLAKE HIGH SCHOOL,0281,Ethnicity,ASIAN,17 ,0 
2020 ,BLAKE HIGH SCHOOL,0281,Ethnicity,BLACK,247 ,369 
2020 ,BLAKE HIGH SCHOOL,0281,Ethnicity,HISPANIC,229 ,203 
2020 ,BLAKE HIGH SCHOOL,0281,Ethnicity,INDIAN,0 ,0 
2020 ,BLAKE HIGH SCHOOL,0281,Ethnicity,MULTI,67 ,28 
2020 ,BLAKE HIGH SCHOOL,0281,Ethnicity,WHITE,318 ,55 
2020 ,BLAKE HIGH SCHOOL,0281,Gender,Female,646 ,325 
2020 ,BLAKE HIGH SCHOOL,0281,Gender,Male,233 ,339 
2020 ,BLAKE HIGH SCHOOL,0281,Meal Status,FREE/REDUCED LUNCH,438 ,619 
2020 ,BLAKE HIGH SCHOOL,0281,Meal Status,NON FREE/REDUCED,441 ,45 
2020 ,BLAKE HIGH SCHOOL,0281,School Total,School Total,879 ,664 
2020 ,DOWDELL MIDDLE SCHOOL,0842,ELL Status,No,191 ,300 
2020 ,DOWDELL MIDDLE SCHOOL,0842,ELL Status,Yes,16 ,56 
2020 ,DOWDELL MIDDLE SCHOOL,0842,ESE Status,No,168 ,272 
2020 ,DOWDELL MIDDLE SCHOOL,0842,ESE Status,Yes,39 ,84 
2020 ,DOWDELL MIDDLE SCHOOL,0842,Ethnicity,ASIAN,0 ,0 
2020 ,DOWDELL MIDDLE SCHOOL,0842,Ethnicity,BLACK,70 ,67 
2020 ,DOWDELL MIDDLE SCHOOL,0842,Ethnicity,HISPANIC,94 ,202 
2020 ,DOWDELL MIDDLE SCHOOL,0842,Ethnicity,MULTI,13 ,15 
2020 ,DOWDELL MIDDLE SCHOOL,0842,Ethnicity,WHITE,29 ,70 
2020 ,DOWDELL MIDDLE SCHOOL,0842,Gender,Female,95 ,170 
2020 ,DOWDELL MIDDLE SCHOOL,0842,Gender,Male,112 ,186 
2020 ,DOWDELL MIDDLE SCHOOL,0842,Meal Status,FREE/REDUCED LUNCH,194 ,343 
2020 ,DOWDELL MIDDLE SCHOOL,0842,Meal Status,NON FREE/REDUCED,13 ,13 
2020 ,DOWDELL MIDDLE SCHOOL,0842,School Total,School Total,207 ,356 
2020 ,SLIGH MIDDLE SCHOOL,1482,ELL Status,No,225 ,317 
2020 ,SLIGH MIDDLE SCHOOL,1482,ELL Status,Yes,10 ,42 
2020 ,SLIGH MIDDLE SCHOOL,1482,ESE Status,No,210 ,290 
2020 ,SLIGH MIDDLE SCHOOL,1482,ESE Status,Yes,25 ,69 
2020 ,SLIGH MIDDLE SCHOOL,1482,Ethnicity,ASIAN,0 ,0 
2020 ,SLIGH MIDDLE SCHOOL,1482,Ethnicity,BLACK,108 ,256 
2020 ,SLIGH MIDDLE SCHOOL,1482,Ethnicity,HISPANIC,94 ,64 
2020 ,SLIGH MIDDLE SCHOOL,1482,Ethnicity,INDIAN,0 ,0 
2020 ,SLIGH MIDDLE SCHOOL,1482,Ethnicity,MULTI,0 ,10 
2020 ,SLIGH MIDDLE SCHOOL,1482,Ethnicity,WHITE,23 ,24 
2020 ,SLIGH MIDDLE SCHOOL,1482,Gender,Female,145 ,177 
2020 ,SLIGH MIDDLE SCHOOL,1482,Gender,Male,90 ,182 
2020 ,SLIGH MIDDLE SCHOOL,1482,Meal Status,FREE/REDUCED LUNCH,220 ,349 
2020 ,SLIGH MIDDLE SCHOOL,1482,Meal Status,NON FREE/REDUCED,15 ,10 
2020 ,SLIGH MIDDLE SCHOOL,1482,School Total,School Total,235 ,359 
2020 ,HILLSBOROUGH HIGH SCHOOL,1881,ELL Status,No,489 ,1142 
2020 ,HILLSBOROUGH HIGH SCHOOL,1881,ELL Status,Yes,0 ,214 
2020 ,HILLSBOROUGH HIGH SCHOOL,1881,ESE Status,No,490 ,1145 
2020 ,HILLSBOROUGH HIGH SCHOOL,1881,ESE Status,Yes,0 ,211 
2020 ,HILLSBOROUGH HIGH SCHOOL,1881,Ethnicity,ASIAN,136 ,21 
2020 ,HILLSBOROUGH HIGH SCHOOL,1881,Ethnicity,BLACK,47 ,503 
2020 ,HILLSBOROUGH HIGH SCHOOL,1881,Ethnicity,HISPANIC,99 ,631 
2020 ,HILLSBOROUGH HIGH SCHOOL,1881,Ethnicity,INDIAN,0 ,0 
2020 ,HILLSBOROUGH HIGH SCHOOL,1881,Ethnicity,MULTI,29 ,59 
2020 ,HILLSBOROUGH HIGH SCHOOL,1881,Ethnicity,WHITE,180 ,142 
2020 ,HILLSBOROUGH HIGH SCHOOL,1881,Gender,Female,263 ,635 
2020 ,HILLSBOROUGH HIGH SCHOOL,1881,Gender,Male,230 ,721 
2020 ,HILLSBOROUGH HIGH SCHOOL,1881,Meal Status,FREE/REDUCED LUNCH,131 ,1176 
2020 ,HILLSBOROUGH HIGH SCHOOL,1881,Meal Status,NON FREE/REDUCED,362 ,180 
2020 ,HILLSBOROUGH HIGH SCHOOL,1881,School Total,School Total,493 ,1356 
2020 ,KING HIGH SCHOOL,2241,ELL Status,No,474 ,977 
2020 ,KING HIGH SCHOOL,2241,ELL Status,Yes,0 ,101 
2020 ,KING HIGH SCHOOL,2241,ESE Status,No,475 ,867 
2020 ,KING HIGH SCHOOL,2241,ESE Status,Yes,0 ,211 
2020 ,KING HIGH SCHOOL,2241,Ethnicity,ASIAN,266 ,19 
2020 ,KING HIGH SCHOOL,2241,Ethnicity,BLACK,55 ,610 
2020 ,KING HIGH SCHOOL,2241,Ethnicity,HISPANIC,45 ,252 
2020 ,KING HIGH SCHOOL,2241,Ethnicity,INDIAN,0 ,0 
2020 ,KING HIGH SCHOOL,2241,Ethnicity,MULTI,29 ,53 
2020 ,KING HIGH SCHOOL,2241,Ethnicity,WHITE,79 ,143 
2020 ,KING HIGH SCHOOL,2241,Gender,Female,246 ,507 
2020 ,KING HIGH SCHOOL,2241,Gender,Male,230 ,571 
2020 ,KING HIGH SCHOOL,2241,Meal Status,FREE/REDUCED LUNCH,88 ,964 
2020 ,KING HIGH SCHOOL,2241,Meal Status,NON FREE/REDUCED,388 ,114 
2020 ,KING HIGH SCHOOL,2241,School Total,School Total,476 ,1078 
2020 ,LETO HIGH SCHOOL,2421,ELL Status,No,376 ,1255 
2020 ,LETO HIGH SCHOOL,2421,ELL Status,Yes,0 ,365 
2020 ,LETO HIGH SCHOOL,2421,ESE Status,No,376 ,1361 
2020 ,LETO HIGH SCHOOL,2421,ESE Status,Yes,0 ,259 
2020 ,LETO HIGH SCHOOL,2421,Ethnicity,ASIAN,19 ,34 
2020 ,LETO HIGH SCHOOL,2421,Ethnicity,BLACK,19 ,118 
2020 ,LETO HIGH SCHOOL,2421,Ethnicity,HISPANIC,270 ,1304 
2020 ,LETO HIGH SCHOOL,2421,Ethnicity,MULTI,22 ,52 
2020 ,LETO HIGH SCHOOL,2421,Ethnicity,WHITE,49 ,112 
2020 ,LETO HIGH SCHOOL,2421,Gender,Female,217 ,767 
2020 ,LETO HIGH SCHOOL,2421,Gender,Male,162 ,853 
2020 ,LETO HIGH SCHOOL,2421,Meal Status,FREE/REDUCED LUNCH,298 ,1452 
2020 ,LETO HIGH SCHOOL,2421,Meal Status,NON FREE/REDUCED,81 ,168 
2020 ,LETO HIGH SCHOOL,2421,School Total,School Total,379 ,1620 
2020 ,MIDDLETON HIGH SCHOOL,3004,ELL Status,No,692 ,736 
2020 ,MIDDLETON HIGH SCHOOL,3004,ELL Status,Yes,0 ,56 
2020 ,MIDDLETON HIGH SCHOOL,3004,ESE Status,No,672 ,609 
2020 ,MIDDLETON HIGH SCHOOL,3004,ESE Status,Yes,25 ,183 
2020 ,MIDDLETON HIGH SCHOOL,3004,Ethnicity,ASIAN,232 ,0 
2020 ,MIDDLETON HIGH SCHOOL,3004,Ethnicity,BLACK,116 ,592 
2020 ,MIDDLETON HIGH SCHOOL,3004,Ethnicity,HISPANIC,136 ,148 
2020 ,MIDDLETON HIGH SCHOOL,3004,Ethnicity,INDIAN,0 ,0 
2020 ,MIDDLETON HIGH SCHOOL,3004,Ethnicity,MULTI,42 ,20 
2020 ,MIDDLETON HIGH SCHOOL,3004,Ethnicity,WHITE,166 ,24 
2020 ,MIDDLETON HIGH SCHOOL,3004,Gender,Female,210 ,384 
2020 ,MIDDLETON HIGH SCHOOL,3004,Gender,Male,487 ,408 
2020 ,MIDDLETON HIGH SCHOOL,3004,Meal Status,FREE/REDUCED LUNCH,242 ,747 
2020 ,MIDDLETON HIGH SCHOOL,3004,Meal Status,NON FREE/REDUCED,455 ,45 
2020 ,MIDDLETON HIGH SCHOOL,3004,School Total,School Total,697 ,792 
2020 ,ROBINSON HIGH SCHOOL,3731,ELL Status,No,522 ,865 
2020 ,ROBINSON HIGH SCHOOL,3731,ELL Status,Yes,0 ,45 
2020 ,ROBINSON HIGH SCHOOL,3731,ESE Status,No,517 ,752 
2020 ,ROBINSON HIGH SCHOOL,3731,ESE Status,Yes,0 ,158 
2020 ,ROBINSON HIGH SCHOOL,3731,Ethnicity,ASIAN,85 ,43 
2020 ,ROBINSON HIGH SCHOOL,3731,Ethnicity,BLACK,16 ,188 
2020 ,ROBINSON HIGH SCHOOL,3731,Ethnicity,HISPANIC,73 ,199 
2020 ,ROBINSON HIGH SCHOOL,3731,Ethnicity,INDIAN,0 ,0 
2020 ,ROBINSON HIGH SCHOOL,3731,Ethnicity,MULTI,46 ,93 
2020 ,ROBINSON HIGH SCHOOL,3731,Ethnicity,WHITE,300 ,384 
2020 ,ROBINSON HIGH SCHOOL,3731,Gender,Female,296 ,420 
2020 ,ROBINSON HIGH SCHOOL,3731,Gender,Male,226 ,490 
2020 ,ROBINSON HIGH SCHOOL,3731,Meal Status,FREE/REDUCED LUNCH,100 ,560 
2020 ,ROBINSON HIGH SCHOOL,3731,Meal Status,NON FREE/REDUCED,422 ,350 
2020 ,ROBINSON HIGH SCHOOL,3731,School Total,School Total,522 ,910 
2020 ,JEFFERSON HIGH SCHOOL,3784,ELL Status,No,589 ,789 
2020 ,JEFFERSON HIGH SCHOOL,3784,ELL Status,Yes,0 ,96 
2020 ,JEFFERSON HIGH SCHOOL,3784,ESE Status,No,569 ,720 
2020 ,JEFFERSON HIGH SCHOOL,3784,ESE Status,Yes,24 ,165 
2020 ,JEFFERSON HIGH SCHOOL,3784,Ethnicity,ASIAN,0 ,11 
2020 ,JEFFERSON HIGH SCHOOL,3784,Ethnicity,BLACK,208 ,283 
2020 ,JEFFERSON HIGH SCHOOL,3784,Ethnicity,HISPANIC,279 ,511 
2020 ,JEFFERSON HIGH SCHOOL,3784,Ethnicity,INDIAN,0 ,0 
2020 ,JEFFERSON HIGH SCHOOL,3784,Ethnicity,MULTI,26 ,28 
2020 ,JEFFERSON HIGH SCHOOL,3784,Ethnicity,WHITE,70 ,51 
2020 ,JEFFERSON HIGH SCHOOL,3784,Gender,Female,355 ,396 
2020 ,JEFFERSON HIGH SCHOOL,3784,Gender,Male,238 ,489 
2020 ,JEFFERSON HIGH SCHOOL,3784,Meal Status,FREE/REDUCED LUNCH,448 ,769 
2020 ,JEFFERSON HIGH SCHOOL,3784,Meal Status,NON FREE/REDUCED,145 ,116 
2020 ,JEFFERSON HIGH SCHOOL,3784,School Total,School Total,593 ,885 
2020 ,TAMPA BAY TECH HIGH SCHOOL,4221,ELL Status,No,1994 ,0 
2020 ,TAMPA BAY TECH HIGH SCHOOL,4221,ELL Status,Yes,35 ,0 
2020 ,TAMPA BAY TECH HIGH SCHOOL,4221,ESE Status,No,1943 ,0 
2020 ,TAMPA BAY TECH HIGH SCHOOL,4221,ESE Status,Yes,86 ,0 
2020 ,TAMPA BAY TECH HIGH SCHOOL,4221,Ethnicity,ASIAN,85 ,0 
2020 ,TAMPA BAY TECH HIGH SCHOOL,4221,Ethnicity,BLACK,1000 ,0 
2020 ,TAMPA BAY TECH HIGH SCHOOL,4221,Ethnicity,HISPANIC,571 ,0 
2020 ,TAMPA BAY TECH HIGH SCHOOL,4221,Ethnicity,INDIAN,0 ,0 
2020 ,TAMPA BAY TECH HIGH SCHOOL,4221,Ethnicity,MULTI,108 ,0 
2020 ,TAMPA BAY TECH HIGH SCHOOL,4221,Ethnicity,WHITE,263 ,0 
2020 ,TAMPA BAY TECH HIGH SCHOOL,4221,Gender,Female,1187 ,0 
2020 ,TAMPA BAY TECH HIGH SCHOOL,4221,Gender,Male,842 ,0 
2020 ,TAMPA BAY TECH HIGH SCHOOL,4221,Meal Status,FREE/REDUCED LUNCH,1593 ,0 
2020 ,TAMPA BAY TECH HIGH SCHOOL,4221,Meal Status,NON FREE/REDUCED,436 ,0 
2020 ,TAMPA BAY TECH HIGH SCHOOL,4221,School Total,School Total,2029 ,0 
2021 ,SPOTO HIGH SCHOOL,0043,ELL Status,No,146 ,1386 
2021 ,SPOTO HIGH SCHOOL,0043,ELL Status,Yes,0 ,119 
2021 ,SPOTO HIGH SCHOOL,0043,ESE Status,No,147 ,1254 
2021 ,SPOTO HIGH SCHOOL,0043,ESE Status,Yes,0 ,251 
2021 ,SPOTO HIGH SCHOOL,0043,Ethnicity,ASIAN,0 ,26 
2021 ,SPOTO HIGH SCHOOL,0043,Ethnicity,BLACK,45 ,618 
2021 ,SPOTO HIGH SCHOOL,0043,Ethnicity,HISPANIC,49 ,564 
2021 ,SPOTO HIGH SCHOOL,0043,Ethnicity,INDIAN,0 ,0 
2021 ,SPOTO HIGH SCHOOL,0043,Ethnicity,MULTI,13 ,88 
2021 ,SPOTO HIGH SCHOOL,0043,Ethnicity,WHITE,39 ,205 
2021 ,SPOTO HIGH SCHOOL,0043,Gender,Female,79 ,734 
2021 ,SPOTO HIGH SCHOOL,0043,Gender,Male,69 ,771 
2021 ,SPOTO HIGH SCHOOL,0043,Meal Status,FREE/REDUCED LUNCH,70 ,1099 
2021 ,SPOTO HIGH SCHOOL,0043,Meal Status,NON FREE/REDUCED,78 ,406 
2021 ,SPOTO HIGH SCHOOL,0043,School Total,School Total,148 ,1505 
2021 ,LENNARD HIGH SCHOOL,0073,ELL Status,No,377 ,1653 
2021 ,LENNARD HIGH SCHOOL,0073,ELL Status,Yes,0 ,118 
2021 ,LENNARD HIGH SCHOOL,0073,ESE Status,No,376 ,1517 
2021 ,LENNARD HIGH SCHOOL,0073,ESE Status,Yes,0 ,254 
2021 ,LENNARD HIGH SCHOOL,0073,Ethnicity,ASIAN,20 ,21 
2021 ,LENNARD HIGH SCHOOL,0073,Ethnicity,BLACK,63 ,424 
2021 ,LENNARD HIGH SCHOOL,0073,Ethnicity,HISPANIC,88 ,841 
2021 ,LENNARD HIGH SCHOOL,0073,Ethnicity,INDIAN,0 ,0 
2021 ,LENNARD HIGH SCHOOL,0073,Ethnicity,MULTI,21 ,78 
2021 ,LENNARD HIGH SCHOOL,0073,Ethnicity,WHITE,187 ,406 
2021 ,LENNARD HIGH SCHOOL,0073,Gender,Female,223 ,863 
2021 ,LENNARD HIGH SCHOOL,0073,Gender,Male,159 ,908 
2021 ,LENNARD HIGH SCHOOL,0073,Meal Status,FREE/REDUCED LUNCH,113 ,1143 
2021 ,LENNARD HIGH SCHOOL,0073,Meal Status,NON FREE/REDUCED,269 ,628 
2021 ,LENNARD HIGH SCHOOL,0073,School Total,School Total,382 ,1771 
2021 ,STRAWBERRY CREST HIGH SCHOOL,0093,ELL Status,No,507 ,1779 
2021 ,STRAWBERRY CREST HIGH SCHOOL,0093,ELL Status,Yes,0 ,100 
2021 ,STRAWBERRY CREST HIGH SCHOOL,0093,ESE Status,No,505 ,1673 
2021 ,STRAWBERRY CREST HIGH SCHOOL,0093,ESE Status,Yes,0 ,206 
2021 ,STRAWBERRY CREST HIGH SCHOOL,0093,Ethnicity,ASIAN,254 ,29 
2021 ,STRAWBERRY CREST HIGH SCHOOL,0093,Ethnicity,BLACK,19 ,102 
2021 ,STRAWBERRY CREST HIGH SCHOOL,0093,Ethnicity,HISPANIC,76 ,957 
2021 ,STRAWBERRY CREST HIGH SCHOOL,0093,Ethnicity,INDIAN,0 ,0 
2021 ,STRAWBERRY CREST HIGH SCHOOL,0093,Ethnicity,MULTI,32 ,41 
2021 ,STRAWBERRY CREST HIGH SCHOOL,0093,Ethnicity,WHITE,124 ,750 
2021 ,STRAWBERRY CREST HIGH SCHOOL,0093,Gender,Female,281 ,974 
2021 ,STRAWBERRY CREST HIGH SCHOOL,0093,Gender,Male,226 ,905 
2021 ,STRAWBERRY CREST HIGH SCHOOL,0093,Meal Status,FREE/REDUCED LUNCH,81 ,1151 
2021 ,STRAWBERRY CREST HIGH SCHOOL,0093,Meal Status,NON FREE/REDUCED,426 ,728 
2021 ,STRAWBERRY CREST HIGH SCHOOL,0093,School Total,School Total,507 ,1879 
2021 ,ARMWOOD HIGH SCHOOL,0131,ELL Status,No,367 ,1585 
2021 ,ARMWOOD HIGH SCHOOL,0131,ELL Status,Yes,0 ,107 
2021 ,ARMWOOD HIGH SCHOOL,0131,ESE Status,No,363 ,1381 
2021 ,ARMWOOD HIGH SCHOOL,0131,ESE Status,Yes,0 ,311 
2021 ,ARMWOOD HIGH SCHOOL,0131,Ethnicity,ASIAN,19 ,24 
2021 ,ARMWOOD HIGH SCHOOL,0131,Ethnicity,BLACK,110 ,620 
2021 ,ARMWOOD HIGH SCHOOL,0131,Ethnicity,HISPANIC,92 ,570 
2021 ,ARMWOOD HIGH SCHOOL,0131,Ethnicity,INDIAN,0 ,0 
2021 ,ARMWOOD HIGH SCHOOL,0131,Ethnicity,MULTI,28 ,77 
2021 ,ARMWOOD HIGH SCHOOL,0131,Ethnicity,WHITE,117 ,397 
2021 ,ARMWOOD HIGH SCHOOL,0131,Gender,Female,239 ,796 
2021 ,ARMWOOD HIGH SCHOOL,0131,Gender,Male,128 ,896 
2021 ,ARMWOOD HIGH SCHOOL,0131,Meal Status,FREE/REDUCED LUNCH,171 ,1462 
2021 ,ARMWOOD HIGH SCHOOL,0131,Meal Status,NON FREE/REDUCED,196 ,230 
2021 ,ARMWOOD HIGH SCHOOL,0131,School Total,School Total,367 ,1692 
2021 ,ALONSO HIGH SCHOOL,0151,ELL Status,No,216 ,2015 
2021 ,ALONSO HIGH SCHOOL,0151,ELL Status,Yes,0 ,293 
2021 ,ALONSO HIGH SCHOOL,0151,ESE Status,No,218 ,2052 
2021 ,ALONSO HIGH SCHOOL,0151,ESE Status,Yes,0 ,256 
2021 ,ALONSO HIGH SCHOOL,0151,Ethnicity,ASIAN,36 ,93 
2021 ,ALONSO HIGH SCHOOL,0151,Ethnicity,BLACK,0 ,159 
2021 ,ALONSO HIGH SCHOOL,0151,Ethnicity,HISPANIC,92 ,1321 
2021 ,ALONSO HIGH SCHOOL,0151,Ethnicity,INDIAN,0 ,0 
2021 ,ALONSO HIGH SCHOOL,0151,Ethnicity,MULTI,12 ,93 
2021 ,ALONSO HIGH SCHOOL,0151,Ethnicity,WHITE,72 ,638 
2021 ,ALONSO HIGH SCHOOL,0151,Gender,Female,110 ,1131 
2021 ,ALONSO HIGH SCHOOL,0151,Gender,Male,111 ,1177 
2021 ,ALONSO HIGH SCHOOL,0151,Meal Status,FREE/REDUCED LUNCH,75 ,1263 
2021 ,ALONSO HIGH SCHOOL,0151,Meal Status,NON FREE/REDUCED,146 ,1045 
2021 ,ALONSO HIGH SCHOOL,0151,School Total,School Total,221 ,2308 
2021 ,BLAKE HIGH SCHOOL,0281,ELL Status,No,792 ,552 
2021 ,BLAKE HIGH SCHOOL,0281,ELL Status,Yes,0 ,63 
2021 ,BLAKE HIGH SCHOOL,0281,ESE Status,No,738 ,482 
2021 ,BLAKE HIGH SCHOOL,0281,ESE Status,Yes,56 ,133 
2021 ,BLAKE HIGH SCHOOL,0281,Ethnicity,ASIAN,10 ,0 
2021 ,BLAKE HIGH SCHOOL,0281,Ethnicity,BLACK,236 ,323 
2021 ,BLAKE HIGH SCHOOL,0281,Ethnicity,HISPANIC,204 ,204 
2021 ,BLAKE HIGH SCHOOL,0281,Ethnicity,INDIAN,0 ,0 
2021 ,BLAKE HIGH SCHOOL,0281,Ethnicity,MULTI,52 ,25 
2021 ,BLAKE HIGH SCHOOL,0281,Ethnicity,WHITE,291 ,56 
2021 ,BLAKE HIGH SCHOOL,0281,Gender,Female,592 ,302 
2021 ,BLAKE HIGH SCHOOL,0281,Gender,Male,202 ,313 
2021 ,BLAKE HIGH SCHOOL,0281,Meal Status,FREE/REDUCED LUNCH,357 ,525 
2021 ,BLAKE HIGH SCHOOL,0281,Meal Status,NON FREE/REDUCED,437 ,90 
2021 ,BLAKE HIGH SCHOOL,0281,School Total,School Total,794 ,615 
2021 ,DOWDELL MIDDLE SCHOOL,0842,ELL Status,No,166 ,317 
2021 ,DOWDELL MIDDLE SCHOOL,0842,ELL Status,Yes,12 ,61 
2021 ,DOWDELL MIDDLE SCHOOL,0842,ESE Status,No,148 ,291 
2021 ,DOWDELL MIDDLE SCHOOL,0842,ESE Status,Yes,30 ,87 
2021 ,DOWDELL MIDDLE SCHOOL,0842,Ethnicity,ASIAN,0 ,0 
2021 ,DOWDELL MIDDLE SCHOOL,0842,Ethnicity,BLACK,70 ,72 
2021 ,DOWDELL MIDDLE SCHOOL,0842,Ethnicity,HISPANIC,73 ,226 
2021 ,DOWDELL MIDDLE SCHOOL,0842,Ethnicity,MULTI,0 ,18 
2021 ,DOWDELL MIDDLE SCHOOL,0842,Ethnicity,WHITE,26 ,61 
2021 ,DOWDELL MIDDLE SCHOOL,0842,Gender,Female,82 ,188 
2021 ,DOWDELL MIDDLE SCHOOL,0842,Gender,Male,96 ,190 
2021 ,DOWDELL MIDDLE SCHOOL,0842,Meal Status,FREE/REDUCED LUNCH,159 ,343 
2021 ,DOWDELL MIDDLE SCHOOL,0842,Meal Status,NON FREE/REDUCED,19 ,35 
2021 ,DOWDELL MIDDLE SCHOOL,0842,School Total,School Total,178 ,378 
2021 ,SLIGH MIDDLE SCHOOL,1482,ELL Status,No,211 ,293 
2021 ,SLIGH MIDDLE SCHOOL,1482,ELL Status,Yes,0 ,35 
2021 ,SLIGH MIDDLE SCHOOL,1482,ESE Status,No,198 ,269 
2021 ,SLIGH MIDDLE SCHOOL,1482,ESE Status,Yes,21 ,59 
2021 ,SLIGH MIDDLE SCHOOL,1482,Ethnicity,ASIAN,0 ,0 
2021 ,SLIGH MIDDLE SCHOOL,1482,Ethnicity,BLACK,98 ,228 
2021 ,SLIGH MIDDLE SCHOOL,1482,Ethnicity,HISPANIC,84 ,72 
2021 ,SLIGH MIDDLE SCHOOL,1482,Ethnicity,INDIAN,0 ,0 
2021 ,SLIGH MIDDLE SCHOOL,1482,Ethnicity,MULTI,0 ,0 
2021 ,SLIGH MIDDLE SCHOOL,1482,Ethnicity,WHITE,26 ,18 
2021 ,SLIGH MIDDLE SCHOOL,1482,Gender,Female,122 ,165 
2021 ,SLIGH MIDDLE SCHOOL,1482,Gender,Male,97 ,163 
2021 ,SLIGH MIDDLE SCHOOL,1482,Meal Status,FREE/REDUCED LUNCH,199 ,322 
2021 ,SLIGH MIDDLE SCHOOL,1482,Meal Status,NON FREE/REDUCED,20 ,0 
2021 ,SLIGH MIDDLE SCHOOL,1482,School Total,School Total,219 ,328 
2021 ,HILLSBOROUGH HIGH SCHOOL,1881,ELL Status,No,452 ,1167 
2021 ,HILLSBOROUGH HIGH SCHOOL,1881,ELL Status,Yes,0 ,205 
2021 ,HILLSBOROUGH HIGH SCHOOL,1881,ESE Status,No,456 ,1174 
2021 ,HILLSBOROUGH HIGH SCHOOL,1881,ESE Status,Yes,0 ,198 
2021 ,HILLSBOROUGH HIGH SCHOOL,1881,Ethnicity,ASIAN,138 ,24 
2021 ,HILLSBOROUGH HIGH SCHOOL,1881,Ethnicity,BLACK,40 ,518 
2021 ,HILLSBOROUGH HIGH SCHOOL,1881,Ethnicity,HISPANIC,96 ,610 
2021 ,HILLSBOROUGH HIGH SCHOOL,1881,Ethnicity,INDIAN,0 ,0 
2021 ,HILLSBOROUGH HIGH SCHOOL,1881,Ethnicity,MULTI,26 ,62 
2021 ,HILLSBOROUGH HIGH SCHOOL,1881,Ethnicity,WHITE,156 ,157 
2021 ,HILLSBOROUGH HIGH SCHOOL,1881,Gender,Female,245 ,658 
2021 ,HILLSBOROUGH HIGH SCHOOL,1881,Gender,Male,212 ,714 
2021 ,HILLSBOROUGH HIGH SCHOOL,1881,Meal Status,FREE/REDUCED LUNCH,112 ,1076 
2021 ,HILLSBOROUGH HIGH SCHOOL,1881,Meal Status,NON FREE/REDUCED,345 ,296 
2021 ,HILLSBOROUGH HIGH SCHOOL,1881,School Total,School Total,457 ,1372 
2021 ,KING HIGH SCHOOL,2241,ELL Status,No,403 ,954 
2021 ,KING HIGH SCHOOL,2241,ELL Status,Yes,0 ,102 
2021 ,KING HIGH SCHOOL,2241,ESE Status,No,401 ,865 
2021 ,KING HIGH SCHOOL,2241,ESE Status,Yes,0 ,191 
2021 ,KING HIGH SCHOOL,2241,Ethnicity,ASIAN,221 ,19 
2021 ,KING HIGH SCHOOL,2241,Ethnicity,BLACK,46 ,604 
2021 ,KING HIGH SCHOOL,2241,Ethnicity,HISPANIC,42 ,254 
2021 ,KING HIGH SCHOOL,2241,Ethnicity,INDIAN,0 ,0 
2021 ,KING HIGH SCHOOL,2241,Ethnicity,MULTI,28 ,39 
2021 ,KING HIGH SCHOOL,2241,Ethnicity,WHITE,65 ,138 
2021 ,KING HIGH SCHOOL,2241,Gender,Female,203 ,501 
2021 ,KING HIGH SCHOOL,2241,Gender,Male,200 ,555 
2021 ,KING HIGH SCHOOL,2241,Meal Status,FREE/REDUCED LUNCH,71 ,859 
2021 ,KING HIGH SCHOOL,2241,Meal Status,NON FREE/REDUCED,332 ,197 
2021 ,KING HIGH SCHOOL,2241,School Total,School Total,403 ,1056 
2021 ,LETO HIGH SCHOOL,2421,ELL Status,No,322 ,1218 
2021 ,LETO HIGH SCHOOL,2421,ELL Status,Yes,0 ,319 
2021 ,LETO HIGH SCHOOL,2421,ESE Status,No,319 ,1303 
2021 ,LETO HIGH SCHOOL,2421,ESE Status,Yes,0 ,234 
2021 ,LETO HIGH SCHOOL,2421,Ethnicity,ASIAN,19 ,38 
2021 ,LETO HIGH SCHOOL,2421,Ethnicity,BLACK,13 ,121 
2021 ,LETO HIGH SCHOOL,2421,Ethnicity,HISPANIC,239 ,1224 
2021 ,LETO HIGH SCHOOL,2421,Ethnicity,MULTI,16 ,38 
2021 ,LETO HIGH SCHOOL,2421,Ethnicity,WHITE,41 ,116 
2021 ,LETO HIGH SCHOOL,2421,Gender,Female,190 ,713 
2021 ,LETO HIGH SCHOOL,2421,Gender,Male,138 ,824 
2021 ,LETO HIGH SCHOOL,2421,Meal Status,FREE/REDUCED LUNCH,248 ,1289 
2021 ,LETO HIGH SCHOOL,2421,Meal Status,NON FREE/REDUCED,80 ,248 
2021 ,LETO HIGH SCHOOL,2421,School Total,School Total,328 ,1537 
2021 ,MIDDLETON HIGH SCHOOL,3004,ELL Status,No,656 ,699 
2021 ,MIDDLETON HIGH SCHOOL,3004,ELL Status,Yes,0 ,62 
2021 ,MIDDLETON HIGH SCHOOL,3004,ESE Status,No,640 ,593 
2021 ,MIDDLETON HIGH SCHOOL,3004,ESE Status,Yes,22 ,168 
2021 ,MIDDLETON HIGH SCHOOL,3004,Ethnicity,ASIAN,231 ,10 
2021 ,MIDDLETON HIGH SCHOOL,3004,Ethnicity,BLACK,114 ,545 
2021 ,MIDDLETON HIGH SCHOOL,3004,Ethnicity,HISPANIC,130 ,152 
2021 ,MIDDLETON HIGH SCHOOL,3004,Ethnicity,INDIAN,0 ,0 
2021 ,MIDDLETON HIGH SCHOOL,3004,Ethnicity,MULTI,36 ,21 
2021 ,MIDDLETON HIGH SCHOOL,3004,Ethnicity,WHITE,146 ,31 
2021 ,MIDDLETON HIGH SCHOOL,3004,Gender,Female,201 ,376 
2021 ,MIDDLETON HIGH SCHOOL,3004,Gender,Male,461 ,385 
2021 ,MIDDLETON HIGH SCHOOL,3004,Meal Status,FREE/REDUCED LUNCH,232 ,673 
2021 ,MIDDLETON HIGH SCHOOL,3004,Meal Status,NON FREE/REDUCED,430 ,88 
2021 ,MIDDLETON HIGH SCHOOL,3004,School Total,School Total,662 ,761 
2021 ,ROBINSON HIGH SCHOOL,3731,ELL Status,No,498 ,797 
2021 ,ROBINSON HIGH SCHOOL,3731,ELL Status,Yes,0 ,43 
2021 ,ROBINSON HIGH SCHOOL,3731,ESE Status,No,492 ,717 
2021 ,ROBINSON HIGH SCHOOL,3731,ESE Status,Yes,0 ,123 
2021 ,ROBINSON HIGH SCHOOL,3731,Ethnicity,ASIAN,82 ,47 
2021 ,ROBINSON HIGH SCHOOL,3731,Ethnicity,BLACK,22 ,169 
2021 ,ROBINSON HIGH SCHOOL,3731,Ethnicity,HISPANIC,72 ,187 
2021 ,ROBINSON HIGH SCHOOL,3731,Ethnicity,INDIAN,0 ,0 
2021 ,ROBINSON HIGH SCHOOL,3731,Ethnicity,MULTI,41 ,83 
2021 ,ROBINSON HIGH SCHOOL,3731,Ethnicity,WHITE,280 ,354 
2021 ,ROBINSON HIGH SCHOOL,3731,Gender,Female,285 ,366 
2021 ,ROBINSON HIGH SCHOOL,3731,Gender,Male,213 ,474 
2021 ,ROBINSON HIGH SCHOOL,3731,Meal Status,FREE/REDUCED LUNCH,94 ,440 
2021 ,ROBINSON HIGH SCHOOL,3731,Meal Status,NON FREE/REDUCED,404 ,400 
2021 ,ROBINSON HIGH SCHOOL,3731,School Total,School Total,498 ,840 
2021 ,JEFFERSON HIGH SCHOOL,3784,ELL Status,No,511 ,684 
2021 ,JEFFERSON HIGH SCHOOL,3784,ELL Status,Yes,10 ,107 
2021 ,JEFFERSON HIGH SCHOOL,3784,ESE Status,No,500 ,645 
2021 ,JEFFERSON HIGH SCHOOL,3784,ESE Status,Yes,21 ,146 
2021 ,JEFFERSON HIGH SCHOOL,3784,Ethnicity,ASIAN,0 ,11 
2021 ,JEFFERSON HIGH SCHOOL,3784,Ethnicity,BLACK,168 ,234 
2021 ,JEFFERSON HIGH SCHOOL,3784,Ethnicity,HISPANIC,257 ,473 
2021 ,JEFFERSON HIGH SCHOOL,3784,Ethnicity,INDIAN,0 ,0 
2021 ,JEFFERSON HIGH SCHOOL,3784,Ethnicity,MULTI,20 ,18 
2021 ,JEFFERSON HIGH SCHOOL,3784,Ethnicity,WHITE,68 ,54 
2021 ,JEFFERSON HIGH SCHOOL,3784,Gender,Female,305 ,344 
2021 ,JEFFERSON HIGH SCHOOL,3784,Gender,Male,216 ,447 
2021 ,JEFFERSON HIGH SCHOOL,3784,Meal Status,FREE/REDUCED LUNCH,370 ,622 
2021 ,JEFFERSON HIGH SCHOOL,3784,Meal Status,NON FREE/REDUCED,151 ,169 
2021 ,JEFFERSON HIGH SCHOOL,3784,School Total,School Total,521 ,791 
2021 ,TAMPA BAY TECH HIGH SCHOOL,4221,ELL Status,No,1900 ,0 
2021 ,TAMPA BAY TECH HIGH SCHOOL,4221,ELL Status,Yes,37 ,0 
2021 ,TAMPA BAY TECH HIGH SCHOOL,4221,ESE Status,No,1857 ,0 
2021 ,TAMPA BAY TECH HIGH SCHOOL,4221,ESE Status,Yes,80 ,0 
2021 ,TAMPA BAY TECH HIGH SCHOOL,4221,Ethnicity,ASIAN,78 ,0 
2021 ,TAMPA BAY TECH HIGH SCHOOL,4221,Ethnicity,BLACK,980 ,0 
2021 ,TAMPA BAY TECH HIGH SCHOOL,4221,Ethnicity,HISPANIC,534 ,0 
2021 ,TAMPA BAY TECH HIGH SCHOOL,4221,Ethnicity,INDIAN,0 ,0 
2021 ,TAMPA BAY TECH HIGH SCHOOL,4221,Ethnicity,MULTI,102 ,0 
2021 ,TAMPA BAY TECH HIGH SCHOOL,4221,Ethnicity,WHITE,241 ,0 
2021 ,TAMPA BAY TECH HIGH SCHOOL,4221,Gender,Female,1142 ,0 
2021 ,TAMPA BAY TECH HIGH SCHOOL,4221,Gender,Male,795 ,0 
2021 ,TAMPA BAY TECH HIGH SCHOOL,4221,Meal Status,FREE/REDUCED LUNCH,1424 ,0 
2021 ,TAMPA BAY TECH HIGH SCHOOL,4221,Meal Status,NON FREE/REDUCED,513 ,0 
2021 ,TAMPA BAY TECH HIGH SCHOOL,4221,School Total,School Total,1937 ,0 
2022 ,SPOTO HIGH SCHOOL,0043,ELL Status,No,207 ,1397 
2022 ,SPOTO HIGH SCHOOL,0043,ELL Status,Yes,0 ,151 
2022 ,SPOTO HIGH SCHOOL,0043,ESE Status,No,207 ,1284 
2022 ,SPOTO HIGH SCHOOL,0043,ESE Status,Yes,0 ,264 
2022 ,SPOTO HIGH SCHOOL,0043,Ethnicity,ASIAN,0 ,34 
2022 ,SPOTO HIGH SCHOOL,0043,Ethnicity,BLACK,74 ,623 
2022 ,SPOTO HIGH SCHOOL,0043,Ethnicity,HISPANIC,62 ,605 
2022 ,SPOTO HIGH SCHOOL,0043,Ethnicity,INDIAN,0 ,0 
2022 ,SPOTO HIGH SCHOOL,0043,Ethnicity,MULTI,16 ,79 
2022 ,SPOTO HIGH SCHOOL,0043,Ethnicity,WHITE,54 ,205 
2022 ,SPOTO HIGH SCHOOL,0043,Gender,Female,119 ,756 
2022 ,SPOTO HIGH SCHOOL,0043,Gender,Male,91 ,792 
2022 ,SPOTO HIGH SCHOOL,0043,Meal Status,FREE/REDUCED LUNCH,210 ,1547 
2022 ,SPOTO HIGH SCHOOL,0043,Meal Status,NON FREE/REDUCED,0 ,0 
2022 ,SPOTO HIGH SCHOOL,0043,School Total,School Total,210 ,1548 
2022 ,LENNARD HIGH SCHOOL,0073,ELL Status,No,382 ,1798 
2022 ,LENNARD HIGH SCHOOL,0073,ELL Status,Yes,0 ,114 
2022 ,LENNARD HIGH SCHOOL,0073,ESE Status,No,381 ,1603 
2022 ,LENNARD HIGH SCHOOL,0073,ESE Status,Yes,0 ,309 
2022 ,LENNARD HIGH SCHOOL,0073,Ethnicity,ASIAN,17 ,21 
2022 ,LENNARD HIGH SCHOOL,0073,Ethnicity,BLACK,64 ,455 
2022 ,LENNARD HIGH SCHOOL,0073,Ethnicity,HISPANIC,72 ,876 
2022 ,LENNARD HIGH SCHOOL,0073,Ethnicity,INDIAN,0 ,0 
2022 ,LENNARD HIGH SCHOOL,0073,Ethnicity,MULTI,23 ,93 
2022 ,LENNARD HIGH SCHOOL,0073,Ethnicity,WHITE,210 ,465 
2022 ,LENNARD HIGH SCHOOL,0073,Gender,Female,226 ,927 
2022 ,LENNARD HIGH SCHOOL,0073,Gender,Male,161 ,985 
2022 ,LENNARD HIGH SCHOOL,0073,Meal Status,FREE/REDUCED LUNCH,387 ,1912 
2022 ,LENNARD HIGH SCHOOL,0073,School Total,School Total,387 ,1912 
2022 ,STRAWBERRY CREST HIGH SCHOOL,0093,ELL Status,No,555 ,1798 
2022 ,STRAWBERRY CREST HIGH SCHOOL,0093,ELL Status,Yes,0 ,92 
2022 ,STRAWBERRY CREST HIGH SCHOOL,0093,ESE Status,No,555 ,1662 
2022 ,STRAWBERRY CREST HIGH SCHOOL,0093,ESE Status,Yes,0 ,228 
2022 ,STRAWBERRY CREST HIGH SCHOOL,0093,Ethnicity,ASIAN,319 ,23 
2022 ,STRAWBERRY CREST HIGH SCHOOL,0093,Ethnicity,BLACK,21 ,99 
2022 ,STRAWBERRY CREST HIGH SCHOOL,0093,Ethnicity,HISPANIC,68 ,998 
2022 ,STRAWBERRY CREST HIGH SCHOOL,0093,Ethnicity,INDIAN,0 ,0 
2022 ,STRAWBERRY CREST HIGH SCHOOL,0093,Ethnicity,MULTI,30 ,32 
2022 ,STRAWBERRY CREST HIGH SCHOOL,0093,Ethnicity,WHITE,114 ,736 
2022 ,STRAWBERRY CREST HIGH SCHOOL,0093,Gender,Female,303 ,935 
2022 ,STRAWBERRY CREST HIGH SCHOOL,0093,Gender,Male,254 ,955 
2022 ,STRAWBERRY CREST HIGH SCHOOL,0093,Meal Status,FREE/REDUCED LUNCH,557 ,1889 
2022 ,STRAWBERRY CREST HIGH SCHOOL,0093,Meal Status,NON FREE/REDUCED,0 ,0 
2022 ,STRAWBERRY CREST HIGH SCHOOL,0093,School Total,School Total,557 ,1890 
2022 ,ARMWOOD HIGH SCHOOL,0131,ELL Status,No,394 ,1640 
2022 ,ARMWOOD HIGH SCHOOL,0131,ELL Status,Yes,0 ,148 
2022 ,ARMWOOD HIGH SCHOOL,0131,ESE Status,No,389 ,1478 
2022 ,ARMWOOD HIGH SCHOOL,0131,ESE Status,Yes,0 ,310 
2022 ,ARMWOOD HIGH SCHOOL,0131,Ethnicity,ASIAN,18 ,20 
2022 ,ARMWOOD HIGH SCHOOL,0131,Ethnicity,BLACK,115 ,661 
2022 ,ARMWOOD HIGH SCHOOL,0131,Ethnicity,HISPANIC,105 ,632 
2022 ,ARMWOOD HIGH SCHOOL,0131,Ethnicity,INDIAN,0 ,0 
2022 ,ARMWOOD HIGH SCHOOL,0131,Ethnicity,MULTI,28 ,85 
2022 ,ARMWOOD HIGH SCHOOL,0131,Ethnicity,WHITE,131 ,386 
2022 ,ARMWOOD HIGH SCHOOL,0131,Gender,Female,259 ,886 
2022 ,ARMWOOD HIGH SCHOOL,0131,Gender,Male,138 ,902 
2022 ,ARMWOOD HIGH SCHOOL,0131,Meal Status,FREE/REDUCED LUNCH,397 ,1787 
2022 ,ARMWOOD HIGH SCHOOL,0131,Meal Status,NON FREE/REDUCED,0 ,0 
2022 ,ARMWOOD HIGH SCHOOL,0131,School Total,School Total,397 ,1788 
2022 ,ALONSO HIGH SCHOOL,0151,ELL Status,No,341 ,1933 
2022 ,ALONSO HIGH SCHOOL,0151,ELL Status,Yes,0 ,401 
2022 ,ALONSO HIGH SCHOOL,0151,ESE Status,No,341 ,2054 
2022 ,ALONSO HIGH SCHOOL,0151,ESE Status,Yes,0 ,280 
2022 ,ALONSO HIGH SCHOOL,0151,Ethnicity,ASIAN,52 ,101 
2022 ,ALONSO HIGH SCHOOL,0151,Ethnicity,BLACK,17 ,153 
2022 ,ALONSO HIGH SCHOOL,0151,Ethnicity,HISPANIC,154 ,1370 
2022 ,ALONSO HIGH SCHOOL,0151,Ethnicity,INDIAN,0 ,0 
2022 ,ALONSO HIGH SCHOOL,0151,Ethnicity,MULTI,19 ,86 
2022 ,ALONSO HIGH SCHOOL,0151,Ethnicity,WHITE,104 ,620 
2022 ,ALONSO HIGH SCHOOL,0151,Gender,Female,179 ,1128 
2022 ,ALONSO HIGH SCHOOL,0151,Gender,Male,167 ,1206 
2022 ,ALONSO HIGH SCHOOL,0151,Meal Status,FREE/REDUCED LUNCH,346 ,2334 
2022 ,ALONSO HIGH SCHOOL,0151,School Total,School Total,346 ,2334 
2022 ,BLAKE HIGH SCHOOL,0281,ELL Status,No,774 ,596 
2022 ,BLAKE HIGH SCHOOL,0281,ELL Status,Yes,0 ,62 
2022 ,BLAKE HIGH SCHOOL,0281,ESE Status,No,713 ,513 
2022 ,BLAKE HIGH SCHOOL,0281,ESE Status,Yes,66 ,145 
2022 ,BLAKE HIGH SCHOOL,0281,Ethnicity,ASIAN,14 ,0 
2022 ,BLAKE HIGH SCHOOL,0281,Ethnicity,BLACK,224 ,378 
2022 ,BLAKE HIGH SCHOOL,0281,Ethnicity,HISPANIC,204 ,210 
2022 ,BLAKE HIGH SCHOOL,0281,Ethnicity,INDIAN,0 ,0 
2022 ,BLAKE HIGH SCHOOL,0281,Ethnicity,MULTI,65 ,22 
2022 ,BLAKE HIGH SCHOOL,0281,Ethnicity,WHITE,271 ,44 
2022 ,BLAKE HIGH SCHOOL,0281,Gender,Female,567 ,308 
2022 ,BLAKE HIGH SCHOOL,0281,Gender,Male,212 ,350 
2022 ,BLAKE HIGH SCHOOL,0281,Meal Status,FREE/REDUCED LUNCH,779 ,658 
2022 ,BLAKE HIGH SCHOOL,0281,School Total,School Total,779 ,658 
2022 ,DOWDELL MIDDLE SCHOOL,0842,ELL Status,No,140 ,312 
2022 ,DOWDELL MIDDLE SCHOOL,0842,ELL Status,Yes,13 ,58 
2022 ,DOWDELL MIDDLE SCHOOL,0842,ESE Status,No,127 ,306 
2022 ,DOWDELL MIDDLE SCHOOL,0842,ESE Status,Yes,26 ,64 
2022 ,DOWDELL MIDDLE SCHOOL,0842,Ethnicity,ASIAN,0 ,0 
2022 ,DOWDELL MIDDLE SCHOOL,0842,Ethnicity,BLACK,62 ,64 
2022 ,DOWDELL MIDDLE SCHOOL,0842,Ethnicity,HISPANIC,62 ,237 
2022 ,DOWDELL MIDDLE SCHOOL,0842,Ethnicity,MULTI,0 ,20 
2022 ,DOWDELL MIDDLE SCHOOL,0842,Ethnicity,WHITE,20 ,47 
2022 ,DOWDELL MIDDLE SCHOOL,0842,Gender,Female,75 ,177 
2022 ,DOWDELL MIDDLE SCHOOL,0842,Gender,Male,78 ,193 
2022 ,DOWDELL MIDDLE SCHOOL,0842,Meal Status,FREE/REDUCED LUNCH,153 ,370 
2022 ,DOWDELL MIDDLE SCHOOL,0842,School Total,School Total,153 ,370 
2022 ,ESSRIG ELEMENTARY,1431,ELL Status,No,42 ,419 
2022 ,ESSRIG ELEMENTARY,1431,ELL Status,Yes,0 ,120 
2022 ,ESSRIG ELEMENTARY,1431,ESE Status,No,39 ,451 
2022 ,ESSRIG ELEMENTARY,1431,ESE Status,Yes,0 ,88 
2022 ,ESSRIG ELEMENTARY,1431,Ethnicity,ASIAN,0 ,30 
2022 ,ESSRIG ELEMENTARY,1431,Ethnicity,BLACK,0 ,43 
2022 ,ESSRIG ELEMENTARY,1431,Ethnicity,HISPANIC,16 ,296 
2022 ,ESSRIG ELEMENTARY,1431,Ethnicity,MULTI,0 ,38 
2022 ,ESSRIG ELEMENTARY,1431,Ethnicity,WHITE,11 ,132 
2022 ,ESSRIG ELEMENTARY,1431,Gender,Female,16 ,237 
2022 ,ESSRIG ELEMENTARY,1431,Gender,Male,26 ,302 
2022 ,ESSRIG ELEMENTARY,1431,Meal Status,FREE/REDUCED LUNCH,42 ,539 
2022 ,ESSRIG ELEMENTARY,1431,School Total,School Total,42 ,539 
2022 ,SLIGH MIDDLE SCHOOL,1482,ELL Status,No,208 ,282 
2022 ,SLIGH MIDDLE SCHOOL,1482,ELL Status,Yes,19 ,56 
2022 ,SLIGH MIDDLE SCHOOL,1482,ESE Status,No,195 ,269 
2022 ,SLIGH MIDDLE SCHOOL,1482,ESE Status,Yes,32 ,69 
2022 ,SLIGH MIDDLE SCHOOL,1482,Ethnicity,ASIAN,0 ,0 
2022 ,SLIGH MIDDLE SCHOOL,1482,Ethnicity,BLACK,109 ,239 
2022 ,SLIGH MIDDLE SCHOOL,1482,Ethnicity,HISPANIC,83 ,65 
2022 ,SLIGH MIDDLE SCHOOL,1482,Ethnicity,INDIAN,0 ,0 
2022 ,SLIGH MIDDLE SCHOOL,1482,Ethnicity,MULTI,12 ,11 
2022 ,SLIGH MIDDLE SCHOOL,1482,Ethnicity,WHITE,20 ,21 
2022 ,SLIGH MIDDLE SCHOOL,1482,Gender,Female,115 ,166 
2022 ,SLIGH MIDDLE SCHOOL,1482,Gender,Male,112 ,172 
2022 ,SLIGH MIDDLE SCHOOL,1482,Meal Status,FREE/REDUCED LUNCH,227 ,338 
2022 ,SLIGH MIDDLE SCHOOL,1482,School Total,School Total,227 ,338 
2022 ,HILLSBOROUGH HIGH SCHOOL,1881,ELL Status,No,455 ,1086 
2022 ,HILLSBOROUGH HIGH SCHOOL,1881,ELL Status,Yes,0 ,264 
2022 ,HILLSBOROUGH HIGH SCHOOL,1881,ESE Status,No,457 ,1124 
2022 ,HILLSBOROUGH HIGH SCHOOL,1881,ESE Status,Yes,0 ,226 
2022 ,HILLSBOROUGH HIGH SCHOOL,1881,Ethnicity,ASIAN,134 ,20 
2022 ,HILLSBOROUGH HIGH SCHOOL,1881,Ethnicity,BLACK,40 ,476 
2022 ,HILLSBOROUGH HIGH SCHOOL,1881,Ethnicity,HISPANIC,110 ,652 
2022 ,HILLSBOROUGH HIGH SCHOOL,1881,Ethnicity,INDIAN,0 ,0 
2022 ,HILLSBOROUGH HIGH SCHOOL,1881,Ethnicity,MULTI,26 ,52 
2022 ,HILLSBOROUGH HIGH SCHOOL,1881,Ethnicity,WHITE,148 ,149 
2022 ,HILLSBOROUGH HIGH SCHOOL,1881,Gender,Female,245 ,670 
2022 ,HILLSBOROUGH HIGH SCHOOL,1881,Gender,Male,214 ,680 
2022 ,HILLSBOROUGH HIGH SCHOOL,1881,Meal Status,FREE/REDUCED LUNCH,459 ,1349 
2022 ,HILLSBOROUGH HIGH SCHOOL,1881,Meal Status,NON FREE/REDUCED,0 ,0 
2022 ,HILLSBOROUGH HIGH SCHOOL,1881,School Total,School Total,459 ,1350 
2022 ,KING HIGH SCHOOL,2241,ELL Status,No,311 ,865 
2022 ,KING HIGH SCHOOL,2241,ELL Status,Yes,0 ,108 
2022 ,KING HIGH SCHOOL,2241,ESE Status,No,309 ,795 
2022 ,KING HIGH SCHOOL,2241,ESE Status,Yes,0 ,178 
2022 ,KING HIGH SCHOOL,2241,Ethnicity,ASIAN,161 ,19 
2022 ,KING HIGH SCHOOL,2241,Ethnicity,BLACK,39 ,548 
2022 ,KING HIGH SCHOOL,2241,Ethnicity,HISPANIC,34 ,237 
2022 ,KING HIGH SCHOOL,2241,Ethnicity,INDIAN,0 ,0 
2022 ,KING HIGH SCHOOL,2241,Ethnicity,MULTI,22 ,44 
2022 ,KING HIGH SCHOOL,2241,Ethnicity,WHITE,54 ,124 
2022 ,KING HIGH SCHOOL,2241,Gender,Female,137 ,471 
2022 ,KING HIGH SCHOOL,2241,Gender,Male,174 ,502 
2022 ,KING HIGH SCHOOL,2241,Meal Status,FREE/REDUCED LUNCH,311 ,972 
2022 ,KING HIGH SCHOOL,2241,Meal Status,NON FREE/REDUCED,0 ,0 
2022 ,KING HIGH SCHOOL,2241,School Total,School Total,311 ,973 
2022 ,LETO HIGH SCHOOL,2421,ELL Status,No,327 ,1239 
2022 ,LETO HIGH SCHOOL,2421,ELL Status,Yes,0 ,416 
2022 ,LETO HIGH SCHOOL,2421,ESE Status,No,328 ,1404 
2022 ,LETO HIGH SCHOOL,2421,ESE Status,Yes,0 ,251 
2022 ,LETO HIGH SCHOOL,2421,Ethnicity,ASIAN,15 ,33 
2022 ,LETO HIGH SCHOOL,2421,Ethnicity,BLACK,13 ,112 
2022 ,LETO HIGH SCHOOL,2421,Ethnicity,HISPANIC,248 ,1334 
2022 ,LETO HIGH SCHOOL,2421,Ethnicity,INDIAN,0 ,0 
2022 ,LETO HIGH SCHOOL,2421,Ethnicity,MULTI,18 ,38 
2022 ,LETO HIGH SCHOOL,2421,Ethnicity,WHITE,39 ,137 
2022 ,LETO HIGH SCHOOL,2421,Gender,Female,196 ,811 
2022 ,LETO HIGH SCHOOL,2421,Gender,Male,137 ,844 
2022 ,LETO HIGH SCHOOL,2421,Meal Status,FREE/REDUCED LUNCH,333 ,1651 
2022 ,LETO HIGH SCHOOL,2421,Meal Status,NON FREE/REDUCED,0 ,0 
2022 ,LETO HIGH SCHOOL,2421,School Total,School Total,333 ,1655 
2022 ,MIDDLETON HIGH SCHOOL,3004,ELL Status,No,644 ,727 
2022 ,MIDDLETON HIGH SCHOOL,3004,ELL Status,Yes,0 ,82 
2022 ,MIDDLETON HIGH SCHOOL,3004,ESE Status,No,619 ,635 
2022 ,MIDDLETON HIGH SCHOOL,3004,ESE Status,Yes,32 ,174 
2022 ,MIDDLETON HIGH SCHOOL,3004,Ethnicity,ASIAN,229 ,11 
2022 ,MIDDLETON HIGH SCHOOL,3004,Ethnicity,BLACK,119 ,572 
2022 ,MIDDLETON HIGH SCHOOL,3004,Ethnicity,HISPANIC,124 ,162 
2022 ,MIDDLETON HIGH SCHOOL,3004,Ethnicity,INDIAN,0 ,0 
2022 ,MIDDLETON HIGH SCHOOL,3004,Ethnicity,MULTI,32 ,28 
2022 ,MIDDLETON HIGH SCHOOL,3004,Ethnicity,WHITE,142 ,36 
2022 ,MIDDLETON HIGH SCHOOL,3004,Gender,Female,193 ,409 
2022 ,MIDDLETON HIGH SCHOOL,3004,Gender,Male,458 ,400 
2022 ,MIDDLETON HIGH SCHOOL,3004,Meal Status,FREE/REDUCED LUNCH,651 ,808 
2022 ,MIDDLETON HIGH SCHOOL,3004,Meal Status,NON FREE/REDUCED,0 ,0 
2022 ,MIDDLETON HIGH SCHOOL,3004,School Total,School Total,651 ,809 
2022 ,ROBINSON HIGH SCHOOL,3731,ELL Status,No,490 ,749 
2022 ,ROBINSON HIGH SCHOOL,3731,ELL Status,Yes,0 ,42 
2022 ,ROBINSON HIGH SCHOOL,3731,ESE Status,No,487 ,648 
2022 ,ROBINSON HIGH SCHOOL,3731,ESE Status,Yes,0 ,143 
2022 ,ROBINSON HIGH SCHOOL,3731,Ethnicity,ASIAN,77 ,36 
2022 ,ROBINSON HIGH SCHOOL,3731,Ethnicity,BLACK,20 ,157 
2022 ,ROBINSON HIGH SCHOOL,3731,Ethnicity,HISPANIC,82 ,194 
2022 ,ROBINSON HIGH SCHOOL,3731,Ethnicity,MULTI,37 ,72 
2022 ,ROBINSON HIGH SCHOOL,3731,Ethnicity,WHITE,275 ,332 
2022 ,ROBINSON HIGH SCHOOL,3731,Gender,Female,283 ,348 
2022 ,ROBINSON HIGH SCHOOL,3731,Gender,Male,208 ,443 
2022 ,ROBINSON HIGH SCHOOL,3731,Meal Status,FREE/REDUCED LUNCH,105 ,449 
2022 ,ROBINSON HIGH SCHOOL,3731,Meal Status,NON FREE/REDUCED,386 ,342 
2022 ,ROBINSON HIGH SCHOOL,3731,School Total,School Total,491 ,791 
2022 ,JEFFERSON HIGH SCHOOL,3784,ELL Status,No,434 ,653 
2022 ,JEFFERSON HIGH SCHOOL,3784,ELL Status,Yes,10 ,172 
2022 ,JEFFERSON HIGH SCHOOL,3784,ESE Status,No,423 ,667 
2022 ,JEFFERSON HIGH SCHOOL,3784,ESE Status,Yes,21 ,158 
2022 ,JEFFERSON HIGH SCHOOL,3784,Ethnicity,ASIAN,0 ,11 
2022 ,JEFFERSON HIGH SCHOOL,3784,Ethnicity,BLACK,155 ,188 
2022 ,JEFFERSON HIGH SCHOOL,3784,Ethnicity,HISPANIC,216 ,546 
2022 ,JEFFERSON HIGH SCHOOL,3784,Ethnicity,INDIAN,0 ,0 
2022 ,JEFFERSON HIGH SCHOOL,3784,Ethnicity,MULTI,16 ,23 
2022 ,JEFFERSON HIGH SCHOOL,3784,Ethnicity,WHITE,51 ,56 
2022 ,JEFFERSON HIGH SCHOOL,3784,Gender,Female,260 ,377 
2022 ,JEFFERSON HIGH SCHOOL,3784,Gender,Male,184 ,448 
2022 ,JEFFERSON HIGH SCHOOL,3784,Meal Status,FREE/REDUCED LUNCH,444 ,822 
2022 ,JEFFERSON HIGH SCHOOL,3784,Meal Status,NON FREE/REDUCED,0 ,0 
2022 ,JEFFERSON HIGH SCHOOL,3784,School Total,School Total,444 ,825 
2022 ,TAMPA BAY TECH HIGH SCHOOL,4221,ELL Status,No,1888 ,0 
2022 ,TAMPA BAY TECH HIGH SCHOOL,4221,ELL Status,Yes,43 ,0 
2022 ,TAMPA BAY TECH HIGH SCHOOL,4221,ESE Status,No,1838 ,0 
2022 ,TAMPA BAY TECH HIGH SCHOOL,4221,ESE Status,Yes,93 ,0 
2022 ,TAMPA BAY TECH HIGH SCHOOL,4221,Ethnicity,ASIAN,72 ,0 
2022 ,TAMPA BAY TECH HIGH SCHOOL,4221,Ethnicity,BLACK,1003 ,0 
2022 ,TAMPA BAY TECH HIGH SCHOOL,4221,Ethnicity,HISPANIC,536 ,0 
2022 ,TAMPA BAY TECH HIGH SCHOOL,4221,Ethnicity,MULTI,107 ,0 
2022 ,TAMPA BAY TECH HIGH SCHOOL,4221,Ethnicity,WHITE,213 ,0 
2022 ,TAMPA BAY TECH HIGH SCHOOL,4221,Gender,Female,1153 ,0 
2022 ,TAMPA BAY TECH HIGH SCHOOL,4221,Gender,Male,778 ,0 
2022 ,TAMPA BAY TECH HIGH SCHOOL,4221,Meal Status,FREE/REDUCED LUNCH,1931 ,0 
2022 ,TAMPA BAY TECH HIGH SCHOOL,4221,School Total,School Total,1931 ,0 
2023 ,SPOTO HIGH SCHOOL,0043,ELL Status,No,211 ,1402 
2023 ,SPOTO HIGH SCHOOL,0043,ELL Status,Yes,0 ,179 
2023 ,SPOTO HIGH SCHOOL,0043,ESE Status,No,210 ,1308 
2023 ,SPOTO HIGH SCHOOL,0043,ESE Status,Yes,0 ,273 
2023 ,SPOTO HIGH SCHOOL,0043,Ethnicity,ASIAN,0 ,34 
2023 ,SPOTO HIGH SCHOOL,0043,Ethnicity,BLACK,72 ,647 
2023 ,SPOTO HIGH SCHOOL,0043,Ethnicity,HISPANIC,69 ,609 
2023 ,SPOTO HIGH SCHOOL,0043,Ethnicity,INDIAN,0 ,0 
2023 ,SPOTO HIGH SCHOOL,0043,Ethnicity,MULTI,16 ,71 
2023 ,SPOTO HIGH SCHOOL,0043,Ethnicity,WHITE,54 ,219 
2023 ,SPOTO HIGH SCHOOL,0043,Gender,Female,126 ,780 
2023 ,SPOTO HIGH SCHOOL,0043,Gender,Male,88 ,801 
2023 ,SPOTO HIGH SCHOOL,0043,Meal Status,FREE/REDUCED LUNCH,214 ,1579 
2023 ,SPOTO HIGH SCHOOL,0043,Meal Status,NON FREE/REDUCED,0 ,0 
2023 ,SPOTO HIGH SCHOOL,0043,School Total,School Total,214 ,1581 
2023 ,LENNARD HIGH SCHOOL,0073,ELL Status,No,391 ,1792 
2023 ,LENNARD HIGH SCHOOL,0073,ELL Status,Yes,0 ,131 
2023 ,LENNARD HIGH SCHOOL,0073,ESE Status,No,392 ,1613 
2023 ,LENNARD HIGH SCHOOL,0073,ESE Status,Yes,0 ,310 
2023 ,LENNARD HIGH SCHOOL,0073,Ethnicity,ASIAN,15 ,23 
2023 ,LENNARD HIGH SCHOOL,0073,Ethnicity,BLACK,61 ,477 
2023 ,LENNARD HIGH SCHOOL,0073,Ethnicity,HISPANIC,82 ,882 
2023 ,LENNARD HIGH SCHOOL,0073,Ethnicity,INDIAN,0 ,0 
2023 ,LENNARD HIGH SCHOOL,0073,Ethnicity,MULTI,21 ,101 
2023 ,LENNARD HIGH SCHOOL,0073,Ethnicity,WHITE,218 ,438 
2023 ,LENNARD HIGH SCHOOL,0073,Gender,Female,236 ,916 
2023 ,LENNARD HIGH SCHOOL,0073,Gender,Male,162 ,1007 
2023 ,LENNARD HIGH SCHOOL,0073,Meal Status,FREE/REDUCED LUNCH,398 ,1923 
2023 ,LENNARD HIGH SCHOOL,0073,School Total,School Total,398 ,1923 
2023 ,STRAWBERRY CREST HIGH SCHOOL,0093,ELL Status,No,573 ,1787 
2023 ,STRAWBERRY CREST HIGH SCHOOL,0093,ELL Status,Yes,0 ,117 
2023 ,STRAWBERRY CREST HIGH SCHOOL,0093,ESE Status,No,575 ,1637 
2023 ,STRAWBERRY CREST HIGH SCHOOL,0093,ESE Status,Yes,0 ,267 
2023 ,STRAWBERRY CREST HIGH SCHOOL,0093,Ethnicity,ASIAN,355 ,23 
2023 ,STRAWBERRY CREST HIGH SCHOOL,0093,Ethnicity,BLACK,22 ,90 
2023 ,STRAWBERRY CREST HIGH SCHOOL,0093,Ethnicity,HISPANIC,69 ,1031 
2023 ,STRAWBERRY CREST HIGH SCHOOL,0093,Ethnicity,INDIAN,0 ,0 
2023 ,STRAWBERRY CREST HIGH SCHOOL,0093,Ethnicity,MULTI,18 ,41 
2023 ,STRAWBERRY CREST HIGH SCHOOL,0093,Ethnicity,WHITE,108 ,717 
2023 ,STRAWBERRY CREST HIGH SCHOOL,0093,Gender,Female,322 ,964 
2023 ,STRAWBERRY CREST HIGH SCHOOL,0093,Gender,Male,255 ,940 
2023 ,STRAWBERRY CREST HIGH SCHOOL,0093,Meal Status,FREE/REDUCED LUNCH,577 ,1904 
2023 ,STRAWBERRY CREST HIGH SCHOOL,0093,School Total,School Total,577 ,1904 
2023 ,ARMWOOD HIGH SCHOOL,0131,ELL Status,No,378 ,1557 
2023 ,ARMWOOD HIGH SCHOOL,0131,ELL Status,Yes,0 ,178 
2023 ,ARMWOOD HIGH SCHOOL,0131,ESE Status,No,373 ,1443 
2023 ,ARMWOOD HIGH SCHOOL,0131,ESE Status,Yes,0 ,292 
2023 ,ARMWOOD HIGH SCHOOL,0131,Ethnicity,ASIAN,23 ,28 
2023 ,ARMWOOD HIGH SCHOOL,0131,Ethnicity,BLACK,112 ,665 
2023 ,ARMWOOD HIGH SCHOOL,0131,Ethnicity,HISPANIC,97 ,616 
2023 ,ARMWOOD HIGH SCHOOL,0131,Ethnicity,INDIAN,0 ,0 
2023 ,ARMWOOD HIGH SCHOOL,0131,Ethnicity,MULTI,23 ,73 
2023 ,ARMWOOD HIGH SCHOOL,0131,Ethnicity,WHITE,123 ,351 
2023 ,ARMWOOD HIGH SCHOOL,0131,Gender,Female,234 ,862 
2023 ,ARMWOOD HIGH SCHOOL,0131,Gender,Male,144 ,873 
2023 ,ARMWOOD HIGH SCHOOL,0131,Meal Status,FREE/REDUCED LUNCH,378 ,1735 
2023 ,ARMWOOD HIGH SCHOOL,0131,School Total,School Total,378 ,1735 
2023 ,ALONSO HIGH SCHOOL,0151,ELL Status,No,471 ,1896 
2023 ,ALONSO HIGH SCHOOL,0151,ELL Status,Yes,0 ,372 
2023 ,ALONSO HIGH SCHOOL,0151,ESE Status,No,467 ,1972 
2023 ,ALONSO HIGH SCHOOL,0151,ESE Status,Yes,0 ,296 
2023 ,ALONSO HIGH SCHOOL,0151,Ethnicity,ASIAN,86 ,98 
2023 ,ALONSO HIGH SCHOOL,0151,Ethnicity,BLACK,16 ,135 
2023 ,ALONSO HIGH SCHOOL,0151,Ethnicity,HISPANIC,201 ,1405 
2023 ,ALONSO HIGH SCHOOL,0151,Ethnicity,INDIAN,0 ,0 
2023 ,ALONSO HIGH SCHOOL,0151,Ethnicity,MULTI,26 ,88 
2023 ,ALONSO HIGH SCHOOL,0151,Ethnicity,WHITE,144 ,539 
2023 ,ALONSO HIGH SCHOOL,0151,Gender,Female,241 ,1095 
2023 ,ALONSO HIGH SCHOOL,0151,Gender,Male,232 ,1173 
2023 ,ALONSO HIGH SCHOOL,0151,Meal Status,FREE/REDUCED LUNCH,473 ,2268 
2023 ,ALONSO HIGH SCHOOL,0151,School Total,School Total,473 ,2268 
2023 ,BLAKE HIGH SCHOOL,0281,ELL Status,No,769 ,638 
2023 ,BLAKE HIGH SCHOOL,0281,ELL Status,Yes,13 ,74 
2023 ,BLAKE HIGH SCHOOL,0281,ESE Status,No,714 ,559 
2023 ,BLAKE HIGH SCHOOL,0281,ESE Status,Yes,68 ,153 
2023 ,BLAKE HIGH SCHOOL,0281,Ethnicity,ASIAN,18 ,0 
2023 ,BLAKE HIGH SCHOOL,0281,Ethnicity,BLACK,234 ,385 
2023 ,BLAKE HIGH SCHOOL,0281,Ethnicity,HISPANIC,196 ,248 
2023 ,BLAKE HIGH SCHOOL,0281,Ethnicity,INDIAN,0 ,0 
2023 ,BLAKE HIGH SCHOOL,0281,Ethnicity,MULTI,66 ,22 
2023 ,BLAKE HIGH SCHOOL,0281,Ethnicity,WHITE,268 ,50 
2023 ,BLAKE HIGH SCHOOL,0281,Gender,Female,576 ,313 
2023 ,BLAKE HIGH SCHOOL,0281,Gender,Male,206 ,399 
2023 ,BLAKE HIGH SCHOOL,0281,Meal Status,FREE/REDUCED LUNCH,782 ,712 
2023 ,BLAKE HIGH SCHOOL,0281,School Total,School Total,782 ,712 
2023 ,MEDICAL ACADEMY AT D.W. WATERS,0363,ELL Status,No,27 ,17 
2023 ,MEDICAL ACADEMY AT D.W. WATERS,0363,ELL Status,Yes,0 ,0 
2023 ,MEDICAL ACADEMY AT D.W. WATERS,0363,ESE Status,No,28 ,14 
2023 ,MEDICAL ACADEMY AT D.W. WATERS,0363,ESE Status,Yes,0 ,0 
2023 ,MEDICAL ACADEMY AT D.W. WATERS,0363,Ethnicity,ASIAN,0 ,0 
2023 ,MEDICAL ACADEMY AT D.W. WATERS,0363,Ethnicity,BLACK,0 ,11 
2023 ,MEDICAL ACADEMY AT D.W. WATERS,0363,Ethnicity,HISPANIC,17 ,0 
2023 ,MEDICAL ACADEMY AT D.W. WATERS,0363,Ethnicity,MULTI,0 ,0 
2023 ,MEDICAL ACADEMY AT D.W. WATERS,0363,Ethnicity,WHITE,0 ,0 
2023 ,MEDICAL ACADEMY AT D.W. WATERS,0363,Gender,Female,25 ,17 
2023 ,MEDICAL ACADEMY AT D.W. WATERS,0363,Gender,Male,0 ,0 
2023 ,MEDICAL ACADEMY AT D.W. WATERS,0363,Meal Status,FREE/REDUCED LUNCH,24 ,16 
2023 ,MEDICAL ACADEMY AT D.W. WATERS,0363,Meal Status,NON FREE/REDUCED,0 ,0 
2023 ,MEDICAL ACADEMY AT D.W. WATERS,0363,School Total,School Total,31 ,18 
2023 ,DOWDELL MIDDLE SCHOOL,0842,ELL Status,No,145 ,300 
2023 ,DOWDELL MIDDLE SCHOOL,0842,ELL Status,Yes,13 ,88 
2023 ,DOWDELL MIDDLE SCHOOL,0842,ESE Status,No,130 ,322 
2023 ,DOWDELL MIDDLE SCHOOL,0842,ESE Status,Yes,28 ,66 
2023 ,DOWDELL MIDDLE SCHOOL,0842,Ethnicity,ASIAN,0 ,0 
2023 ,DOWDELL MIDDLE SCHOOL,0842,Ethnicity,BLACK,68 ,69 
2023 ,DOWDELL MIDDLE SCHOOL,0842,Ethnicity,HISPANIC,62 ,236 
2023 ,DOWDELL MIDDLE SCHOOL,0842,Ethnicity,INDIAN,0 ,0 
2023 ,DOWDELL MIDDLE SCHOOL,0842,Ethnicity,MULTI,0 ,27 
2023 ,DOWDELL MIDDLE SCHOOL,0842,Ethnicity,WHITE,19 ,54 
2023 ,DOWDELL MIDDLE SCHOOL,0842,Gender,Female,84 ,192 
2023 ,DOWDELL MIDDLE SCHOOL,0842,Gender,Male,74 ,196 
2023 ,DOWDELL MIDDLE SCHOOL,0842,Meal Status,FREE/REDUCED LUNCH,158 ,388 
2023 ,DOWDELL MIDDLE SCHOOL,0842,School Total,School Total,158 ,388 
2023 ,ESSRIG ELEMENTARY,1431,ELL Status,No,44 ,416 
2023 ,ESSRIG ELEMENTARY,1431,ELL Status,Yes,0 ,133 
2023 ,ESSRIG ELEMENTARY,1431,ESE Status,No,40 ,458 
2023 ,ESSRIG ELEMENTARY,1431,ESE Status,Yes,0 ,91 
2023 ,ESSRIG ELEMENTARY,1431,Ethnicity,ASIAN,0 ,30 
2023 ,ESSRIG ELEMENTARY,1431,Ethnicity,BLACK,0 ,38 
2023 ,ESSRIG ELEMENTARY,1431,Ethnicity,HISPANIC,15 ,304 
2023 ,ESSRIG ELEMENTARY,1431,Ethnicity,MULTI,0 ,45 
2023 ,ESSRIG ELEMENTARY,1431,Ethnicity,WHITE,14 ,132 
2023 ,ESSRIG ELEMENTARY,1431,Gender,Female,18 ,258 
2023 ,ESSRIG ELEMENTARY,1431,Gender,Male,26 ,291 
2023 ,ESSRIG ELEMENTARY,1431,Meal Status,FREE/REDUCED LUNCH,44 ,548 
2023 ,ESSRIG ELEMENTARY,1431,Meal Status,NON FREE/REDUCED,0 ,0 
2023 ,ESSRIG ELEMENTARY,1431,School Total,School Total,44 ,549 
2023 ,SLIGH MIDDLE SCHOOL,1482,ELL Status,No,245 ,233 
2023 ,SLIGH MIDDLE SCHOOL,1482,ELL Status,Yes,16 ,56 
2023 ,SLIGH MIDDLE SCHOOL,1482,ESE Status,No,224 ,235 
2023 ,SLIGH MIDDLE SCHOOL,1482,ESE Status,Yes,37 ,54 
2023 ,SLIGH MIDDLE SCHOOL,1482,Ethnicity,ASIAN,0 ,0 
2023 ,SLIGH MIDDLE SCHOOL,1482,Ethnicity,BLACK,155 ,201 
2023 ,SLIGH MIDDLE SCHOOL,1482,Ethnicity,HISPANIC,82 ,62 
2023 ,SLIGH MIDDLE SCHOOL,1482,Ethnicity,INDIAN,0 ,0 
2023 ,SLIGH MIDDLE SCHOOL,1482,Ethnicity,MULTI,0 ,12 
2023 ,SLIGH MIDDLE SCHOOL,1482,Ethnicity,WHITE,12 ,12 
2023 ,SLIGH MIDDLE SCHOOL,1482,Gender,Female,143 ,133 
2023 ,SLIGH MIDDLE SCHOOL,1482,Gender,Male,118 ,156 
2023 ,SLIGH MIDDLE SCHOOL,1482,Meal Status,FREE/REDUCED LUNCH,261 ,289 
2023 ,SLIGH MIDDLE SCHOOL,1482,School Total,School Total,261 ,289 
2023 ,HILLSBOROUGH HIGH SCHOOL,1881,ELL Status,No,395 ,979 
2023 ,HILLSBOROUGH HIGH SCHOOL,1881,ELL Status,Yes,0 ,288 
2023 ,HILLSBOROUGH HIGH SCHOOL,1881,ESE Status,No,395 ,1041 
2023 ,HILLSBOROUGH HIGH SCHOOL,1881,ESE Status,Yes,0 ,226 
2023 ,HILLSBOROUGH HIGH SCHOOL,1881,Ethnicity,ASIAN,109 ,32 
2023 ,HILLSBOROUGH HIGH SCHOOL,1881,Ethnicity,BLACK,42 ,447 
2023 ,HILLSBOROUGH HIGH SCHOOL,1881,Ethnicity,HISPANIC,91 ,617 
2023 ,HILLSBOROUGH HIGH SCHOOL,1881,Ethnicity,INDIAN,0 ,0 
2023 ,HILLSBOROUGH HIGH SCHOOL,1881,Ethnicity,MULTI,28 ,49 
2023 ,HILLSBOROUGH HIGH SCHOOL,1881,Ethnicity,WHITE,127 ,120 
2023 ,HILLSBOROUGH HIGH SCHOOL,1881,Gender,Female,207 ,630 
2023 ,HILLSBOROUGH HIGH SCHOOL,1881,Gender,Male,191 ,637 
2023 ,HILLSBOROUGH HIGH SCHOOL,1881,Meal Status,FREE/REDUCED LUNCH,398 ,1266 
2023 ,HILLSBOROUGH HIGH SCHOOL,1881,Meal Status,NON FREE/REDUCED,0 ,0 
2023 ,HILLSBOROUGH HIGH SCHOOL,1881,School Total,School Total,398 ,1267 
2023 ,KING HIGH SCHOOL,2241,ELL Status,No,252 ,814 
2023 ,KING HIGH SCHOOL,2241,ELL Status,Yes,0 ,121 
2023 ,KING HIGH SCHOOL,2241,ESE Status,No,251 ,770 
2023 ,KING HIGH SCHOOL,2241,ESE Status,Yes,0 ,165 
2023 ,KING HIGH SCHOOL,2241,Ethnicity,ASIAN,116 ,42 
2023 ,KING HIGH SCHOOL,2241,Ethnicity,BLACK,33 ,490 
2023 ,KING HIGH SCHOOL,2241,Ethnicity,HISPANIC,23 ,249 
2023 ,KING HIGH SCHOOL,2241,Ethnicity,INDIAN,0 ,0 
2023 ,KING HIGH SCHOOL,2241,Ethnicity,MULTI,24 ,34 
2023 ,KING HIGH SCHOOL,2241,Ethnicity,WHITE,56 ,119 
2023 ,KING HIGH SCHOOL,2241,Gender,Female,114 ,433 
2023 ,KING HIGH SCHOOL,2241,Gender,Male,139 ,502 
2023 ,KING HIGH SCHOOL,2241,Meal Status,FREE/REDUCED LUNCH,253 ,935 
2023 ,KING HIGH SCHOOL,2241,School Total,School Total,253 ,935 
2023 ,LETO HIGH SCHOOL,2421,ELL Status,No,305 ,1203 
2023 ,LETO HIGH SCHOOL,2421,ELL Status,Yes,0 ,541 
2023 ,LETO HIGH SCHOOL,2421,ESE Status,No,305 ,1489 
2023 ,LETO HIGH SCHOOL,2421,ESE Status,Yes,0 ,255 
2023 ,LETO HIGH SCHOOL,2421,Ethnicity,ASIAN,19 ,27 
2023 ,LETO HIGH SCHOOL,2421,Ethnicity,BLACK,16 ,123 
2023 ,LETO HIGH SCHOOL,2421,Ethnicity,HISPANIC,229 ,1427 
2023 ,LETO HIGH SCHOOL,2421,Ethnicity,INDIAN,0 ,0 
2023 ,LETO HIGH SCHOOL,2421,Ethnicity,MULTI,17 ,31 
2023 ,LETO HIGH SCHOOL,2421,Ethnicity,WHITE,30 ,135 
2023 ,LETO HIGH SCHOOL,2421,Gender,Female,172 ,837 
2023 ,LETO HIGH SCHOOL,2421,Gender,Male,139 ,907 
2023 ,LETO HIGH SCHOOL,2421,Meal Status,FREE/REDUCED LUNCH,311 ,1743 
2023 ,LETO HIGH SCHOOL,2421,Meal Status,NON FREE/REDUCED,0 ,0 
2023 ,LETO HIGH SCHOOL,2421,School Total,School Total,311 ,1744 
2023 ,MIDDLETON HIGH SCHOOL,3004,ELL Status,No,665 ,722 
2023 ,MIDDLETON HIGH SCHOOL,3004,ELL Status,Yes,12 ,92 
2023 ,MIDDLETON HIGH SCHOOL,3004,ESE Status,No,652 ,647 
2023 ,MIDDLETON HIGH SCHOOL,3004,ESE Status,Yes,25 ,167 
2023 ,MIDDLETON HIGH SCHOOL,3004,Ethnicity,ASIAN,288 ,13 
2023 ,MIDDLETON HIGH SCHOOL,3004,Ethnicity,BLACK,106 ,574 
2023 ,MIDDLETON HIGH SCHOOL,3004,Ethnicity,HISPANIC,110 ,175 
2023 ,MIDDLETON HIGH SCHOOL,3004,Ethnicity,INDIAN,0 ,0 
2023 ,MIDDLETON HIGH SCHOOL,3004,Ethnicity,MULTI,33 ,23 
2023 ,MIDDLETON HIGH SCHOOL,3004,Ethnicity,WHITE,131 ,29 
2023 ,MIDDLETON HIGH SCHOOL,3004,Gender,Female,214 ,388 
2023 ,MIDDLETON HIGH SCHOOL,3004,Gender,Male,463 ,426 
2023 ,MIDDLETON HIGH SCHOOL,3004,Meal Status,FREE/REDUCED LUNCH,677 ,814 
2023 ,MIDDLETON HIGH SCHOOL,3004,School Total,School Total,677 ,814 
2023 ,ROBINSON HIGH SCHOOL,3731,ELL Status,No,482 ,742 
2023 ,ROBINSON HIGH SCHOOL,3731,ELL Status,Yes,0 ,49 
2023 ,ROBINSON HIGH SCHOOL,3731,ESE Status,No,483 ,640 
2023 ,ROBINSON HIGH SCHOOL,3731,ESE Status,Yes,0 ,151 
2023 ,ROBINSON HIGH SCHOOL,3731,Ethnicity,ASIAN,67 ,25 
2023 ,ROBINSON HIGH SCHOOL,3731,Ethnicity,BLACK,23 ,158 
2023 ,ROBINSON HIGH SCHOOL,3731,Ethnicity,HISPANIC,87 ,188 
2023 ,ROBINSON HIGH SCHOOL,3731,Ethnicity,INDIAN,0 ,0 
2023 ,ROBINSON HIGH SCHOOL,3731,Ethnicity,MULTI,39 ,73 
2023 ,ROBINSON HIGH SCHOOL,3731,Ethnicity,WHITE,270 ,346 
2023 ,ROBINSON HIGH SCHOOL,3731,Gender,Female,282 ,373 
2023 ,ROBINSON HIGH SCHOOL,3731,Gender,Male,204 ,418 
2023 ,ROBINSON HIGH SCHOOL,3731,Meal Status,FREE/REDUCED LUNCH,486 ,790 
2023 ,ROBINSON HIGH SCHOOL,3731,Meal Status,NON FREE/REDUCED,0 ,0 
2023 ,ROBINSON HIGH SCHOOL,3731,School Total,School Total,486 ,791 
2023 ,JEFFERSON HIGH SCHOOL,3784,ELL Status,No,434 ,656 
2023 ,JEFFERSON HIGH SCHOOL,3784,ELL Status,Yes,17 ,217 
2023 ,JEFFERSON HIGH SCHOOL,3784,ESE Status,No,426 ,717 
2023 ,JEFFERSON HIGH SCHOOL,3784,ESE Status,Yes,25 ,156 
2023 ,JEFFERSON HIGH SCHOOL,3784,Ethnicity,ASIAN,0 ,12 
2023 ,JEFFERSON HIGH SCHOOL,3784,Ethnicity,BLACK,166 ,185 
2023 ,JEFFERSON HIGH SCHOOL,3784,Ethnicity,HISPANIC,208 ,596 
2023 ,JEFFERSON HIGH SCHOOL,3784,Ethnicity,INDIAN,0 ,0 
2023 ,JEFFERSON HIGH SCHOOL,3784,Ethnicity,MULTI,22 ,27 
2023 ,JEFFERSON HIGH SCHOOL,3784,Ethnicity,WHITE,45 ,52 
2023 ,JEFFERSON HIGH SCHOOL,3784,Gender,Female,258 ,383 
2023 ,JEFFERSON HIGH SCHOOL,3784,Gender,Male,193 ,490 
2023 ,JEFFERSON HIGH SCHOOL,3784,Meal Status,FREE/REDUCED LUNCH,451 ,873 
2023 ,JEFFERSON HIGH SCHOOL,3784,School Total,School Total,451 ,873 
2023 ,B C ACADEMY AT BOWERS-WHITLEY,4155,ELL Status,No,17 ,88 
2023 ,B C ACADEMY AT BOWERS-WHITLEY,4155,ELL Status,Yes,0 ,0 
2023 ,B C ACADEMY AT BOWERS-WHITLEY,4155,ESE Status,No,11 ,71 
2023 ,B C ACADEMY AT BOWERS-WHITLEY,4155,ESE Status,Yes,0 ,23 
2023 ,B C ACADEMY AT BOWERS-WHITLEY,4155,Ethnicity,ASIAN,0 ,0 
2023 ,B C ACADEMY AT BOWERS-WHITLEY,4155,Ethnicity,BLACK,0 ,23 
2023 ,B C ACADEMY AT BOWERS-WHITLEY,4155,Ethnicity,HISPANIC,0 ,37 
2023 ,B C ACADEMY AT BOWERS-WHITLEY,4155,Ethnicity,MULTI,0 ,0 
2023 ,B C ACADEMY AT BOWERS-WHITLEY,4155,Ethnicity,WHITE,0 ,24 
2023 ,B C ACADEMY AT BOWERS-WHITLEY,4155,Gender,Female,0 ,13 
2023 ,B C ACADEMY AT BOWERS-WHITLEY,4155,Gender,Male,15 ,81 
2023 ,B C ACADEMY AT BOWERS-WHITLEY,4155,Meal Status,FREE/REDUCED LUNCH,18 ,94 
2023 ,B C ACADEMY AT BOWERS-WHITLEY,4155,School Total,School Total,18 ,94 
2023 ,TAMPA BAY TECH HIGH SCHOOL,4221,ELL Status,No,1997 ,0 
2023 ,TAMPA BAY TECH HIGH SCHOOL,4221,ELL Status,Yes,43 ,0 
2023 ,TAMPA BAY TECH HIGH SCHOOL,4221,ESE Status,No,1915 ,0 
2023 ,TAMPA BAY TECH HIGH SCHOOL,4221,ESE Status,Yes,125 ,0 
2023 ,TAMPA BAY TECH HIGH SCHOOL,4221,Ethnicity,ASIAN,71 ,0 
2023 ,TAMPA BAY TECH HIGH SCHOOL,4221,Ethnicity,BLACK,1080 ,0 
2023 ,TAMPA BAY TECH HIGH SCHOOL,4221,Ethnicity,HISPANIC,559 ,0 
2023 ,TAMPA BAY TECH HIGH SCHOOL,4221,Ethnicity,MULTI,121 ,0 
2023 ,TAMPA BAY TECH HIGH SCHOOL,4221,Ethnicity,WHITE,209 ,0 
2023 ,TAMPA BAY TECH HIGH SCHOOL,4221,Gender,Female,1202 ,0 
2023 ,TAMPA BAY TECH HIGH SCHOOL,4221,Gender,Male,838 ,0 
2023 ,TAMPA BAY TECH HIGH SCHOOL,4221,Meal Status,FREE/REDUCED LUNCH,2040 ,0 
2023 ,TAMPA BAY TECH HIGH SCHOOL,4221,School Total,School Total,2040 ,0 
2024,Spoto High School,0043,ELL_Status,No,227,1633
2024,Spoto High School,0043,ELL_Status,Yes,0,216
2024,Spoto High School,0043,ESE_Status,No,224,1527
2024,Spoto High School,0043,ESE_Status,Yes,0 ,322
2024,Spoto High School,0043,Ethnicity,American Indian or Alaskan Native,0 ,0 
2024,Spoto High School,0043,Ethnicity,Asian,0 ,34
2024,Spoto High School,0043,Ethnicity,Black or African American,71,704
2024,Spoto High School,0043,Ethnicity,Hispanic,89,809
2024,Spoto High School,0043,Ethnicity,Multiracial,13,66
2024,Spoto High School,0043,Ethnicity,Native Hawaiian or Pacific Islander,0,0 
2024,Spoto High School,0043,Ethnicity,White,51,232
2024,Spoto High School,0043,Gender,Female,126,874
2024,Spoto High School,0043,Gender,Male,101,975
2024,Spoto High School,0043,Meal_Status,FREE/REDUCED LUNCH,227,1848
2024,Spoto High School,0043,Meal_Status,NON FREE/REDUCED,0,0 
2024,Spoto High School,0043,School Total,School Total,227,1849
2024,Lennard High School,0073,ELL_Status,No,394,2026
2024,Lennard High School,0073,ELL_Status,Yes,0,105
2024,Lennard High School,0073,ESE_Status,No,388,1774
2024,Lennard High School,0073,ESE_Status,Yes,0 ,357
2024,Lennard High School,0073,Ethnicity,American Indian or Alaskan Native,0,0 
2024,Lennard High School,0073,Ethnicity,Asian,16,20
2024,Lennard High School,0073,Ethnicity,Black or African American,66,578
2024,Lennard High School,0073,Ethnicity,Hispanic,86,972
2024,Lennard High School,0073,Ethnicity,Multiracial,14,82
2024,Lennard High School,0073,Ethnicity,Native Hawaiian or Pacific Islander,0 ,0 
2024,Lennard High School,0073,Ethnicity,White,211,469
2024,Lennard High School,0073,Gender,Female,229,985
2024,Lennard High School,0073,Gender,Male,165,1146
2024,Lennard High School,0073,Meal_Status,FREE/REDUCED LUNCH,394,2131
2024,Lennard High School,0073,School Total,School Total,394,2131
2024,Strawberry Crest High School,0093,ELL_Status,No,562,1851
2024,Strawberry Crest High School,0093,ELL_Status,Yes,0 ,95
2024,Strawberry Crest High School,0093,ESE_Status,No,562,1664
2024,Strawberry Crest High School,0093,ESE_Status,Yes,0 ,282
2024,Strawberry Crest High School,0093,Ethnicity,American Indian or Alaskan Native,0 ,0 
2024,Strawberry Crest High School,0093,Ethnicity,Asian,346,23
2024,Strawberry Crest High School,0093,Ethnicity,Black or African American,26,110
2024,Strawberry Crest High School,0093,Ethnicity,Hispanic,63,1089
2024,Strawberry Crest High School,0093,Ethnicity,Multiracial,27,39
2024,Strawberry Crest High School,0093,Ethnicity,White,96,683
2024,Strawberry Crest High School,0093,Gender,Female,314,971
2024,Strawberry Crest High School,0093,Gender,Male,249,975
2024,Strawberry Crest High School,0093,Meal_Status,FREE/REDUCED LUNCH,558,1946
2024,Strawberry Crest High School,0093,Meal_Status,NON FREE/REDUCED,0 ,0
2024,Strawberry Crest High School,0093,School Total,School Total,563,1946
2024,Armwood High School,0131,ELL_Status,No,413,1731
2024,Armwood High School,0131,ELL_Status,Yes,0 ,152
2024,Armwood High School,0131,ESE_Status,No,403,1554
2024,Armwood High School,0131,ESE_Status,Yes,11,329
2024,Armwood High School,0131,Ethnicity,American Indian or Alaskan Native,0,0 
2024,Armwood High School,0131,Ethnicity,Asian,20,26
2024,Armwood High School,0131,Ethnicity,Black or African American,136,752
2024,Armwood High School,0131,Ethnicity,Hispanic,114,694
2024,Armwood High School,0131,Ethnicity,Multiracial,18,58
2024,Armwood High School,0131,Ethnicity,Native Hawaiian or Pacific Islander,0 ,0 
2024,Armwood High School,0131,Ethnicity,White,123,347
2024,Armwood High School,0131,Gender,Female,249,920
2024,Armwood High School,0131,Gender,Male,165,963
2024,Armwood High School,0131,Meal_Status,FREE/REDUCED LUNCH,412,1879
2024,Armwood High School,0131,Meal_Status,NON FREE/REDUCED,0 ,0 
2024,Armwood High School,0131,School Total,School Total,414,1883
2024,Alonso High School,0151,ELL_Status,No,458,1930
2024,Alonso High School,0151,ELL_Status,Yes,0 ,395
2024,Alonso High School,0151,ESE_Status,No,452,2018
2024,Alonso High School,0151,ESE_Status,Yes,0 ,307
2024,Alonso High School,0151,Ethnicity,American Indian or Alaskan Native,0,0 
2024,Alonso High School,0151,Ethnicity,Asian,92,91
2024,Alonso High School,0151,Ethnicity,Black or African American,0 ,145
2024,Alonso High School,0151,Ethnicity,Hispanic,206,1471
2024,Alonso High School,0151,Ethnicity,Multiracial,22,74
2024,Alonso High School,0151,Ethnicity,Native Hawaiian or Pacific Islander,0,0 
2024,Alonso High School,0151,Ethnicity,White,130,536
2024,Alonso High School,0151,Gender,Female,236,1129
2024,Alonso High School,0151,Gender,Male,223,1196
2024,Alonso High School,0151,Meal_Status,FREE/REDUCED LUNCH,458,2323
2024,Alonso High School,0151,Meal_Status,NON FREE/REDUCED,0 ,0 
2024,Alonso High School,0151,School Total,School Total,459,2325
2024,Blake High School,0281,ELL_Status,No,781,750
2024,Blake High School,0281,ELL_Status,Yes,0 ,103
2024,Blake High School,0281,ESE_Status,No,719,668
2024,Blake High School,0281,ESE_Status,Yes,68,185
2024,Blake High School,0281,Ethnicity,American Indian or Alaskan Native,0,0 
2024,Blake High School,0281,Ethnicity,Asian,18,0 
2024,Blake High School,0281,Ethnicity,Black or African American,243,443
2024,Blake High School,0281,Ethnicity,Hispanic,226,324
2024,Blake High School,0281,Ethnicity,Multiracial,56,20
2024,Blake High School,0281,Ethnicity,Native Hawaiian or Pacific Islander,0 ,0
2024,Blake High School,0281,Ethnicity,White,243,58
2024,Blake High School,0281,Gender,Female,586,389
2024,Blake High School,0281,Gender,Male,201,464
2024,Blake High School,0281,Meal_Status,FREE/REDUCED LUNCH,784,853
2024,Blake High School,0281,Meal_Status,NON FREE/REDUCED,0 ,0
2024,Blake High School,0281,School Total,School Total,787,853
2024,Medical Academy at D.W. Waters,0363,ELL_Status,No,83,14
2024,Medical Academy at D.W. Waters,0363,ELL_Status,Yes,0 ,0
2024,Medical Academy at D.W. Waters,0363,ESE_Status,No,77,11
2024,Medical Academy at D.W. Waters,0363,ESE_Status,Yes,0 ,0 
2024,Medical Academy at D.W. Waters,0363,Ethnicity,Asian,0 ,0
2024,Medical Academy at D.W. Waters,0363,Ethnicity,Black or African American,25,0 
2024,Medical Academy at D.W. Waters,0363,Ethnicity,Hispanic,39,0 
2024,Medical Academy at D.W. Waters,0363,Ethnicity,Multiracial,0 ,0 
2024,Medical Academy at D.W. Waters,0363,Ethnicity,Native Hawaiian or Pacific Islander,0 ,0
2024,Medical Academy at D.W. Waters,0363,Ethnicity,White,16,0
2024,Medical Academy at D.W. Waters,0363,Gender,Female,74,13
2024,Medical Academy at D.W. Waters,0363,Gender,Male,12,0 
2024,Medical Academy at D.W. Waters,0363,Meal_Status,FREE/REDUCED LUNCH,85,14
2024,Medical Academy at D.W. Waters,0363,Meal_Status,NON FREE/REDUCED,0 ,0
2024,Medical Academy at D.W. Waters,0363,School Total,School Total,86,14
2024,Dowdell Middle Magnet School,0842,ELL_Status,No,143,520
2024,Dowdell Middle Magnet School,0842,ELL_Status,Yes,0 ,138
2024,Dowdell Middle Magnet School,0842,ESE_Status,No,121,538
2024,Dowdell Middle Magnet School,0842,ESE_Status,Yes,25,120
2024,Dowdell Middle Magnet School,0842,Ethnicity,American Indian or Alaskan Native,0,0 
2024,Dowdell Middle Magnet School,0842,Ethnicity,Asian,0 ,0 
2024,Dowdell Middle Magnet School,0842,Ethnicity,Black or African American,70,133
2024,Dowdell Middle Magnet School,0842,Ethnicity,Hispanic,50,407
2024,Dowdell Middle Magnet School,0842,Ethnicity,Multiracial,0 ,35
2024,Dowdell Middle Magnet School,0842,Ethnicity,White,24,80
2024,Dowdell Middle Magnet School,0842,Gender,Female,76,301
2024,Dowdell Middle Magnet School,0842,Gender,Male,70,357
2024,Dowdell Middle Magnet School,0842,Meal_Status,FREE/REDUCED LUNCH,144,658
2024,Dowdell Middle Magnet School,0842,Meal_Status,NON FREE/REDUCED,0 ,0
2024,Dowdell Middle Magnet School,0842,School Total,School Total,146,658
2024,Essrig Elementary School,1431,ELL_Status,No,77,463
2024,Essrig Elementary School,1431,ELL_Status,Yes,0,104
2024,Essrig Elementary School,1431,ESE_Status,No,66,469
2024,Essrig Elementary School,1431,ESE_Status,Yes,11,98
2024,Essrig Elementary School,1431,Ethnicity,American Indian or Alaskan Native,0,0 
2024,Essrig Elementary School,1431,Ethnicity,Asian,0 ,22
2024,Essrig Elementary School,1431,Ethnicity,Black or African American,16,34
2024,Essrig Elementary School,1431,Ethnicity,Hispanic,23,346
2024,Essrig Elementary School,1431,Ethnicity,Multiracial,12,30
2024,Essrig Elementary School,1431,Ethnicity,White,23,134
2024,Essrig Elementary School,1431,Gender,Female,31,261
2024,Essrig Elementary School,1431,Gender,Male,46,306
2024,Essrig Elementary School,1431,Meal_Status,FREE/REDUCED LUNCH,77,564
2024,Essrig Elementary School,1431,Meal_Status,NON FREE/REDUCED,0,0 
2024,Essrig Elementary School,1431,School Total,School Total,77,567
2024,Sligh Middle School,1482,ELL_Status,No,301,544
2024,Sligh Middle School,1482,ELL_Status,Yes,0 ,65
2024,Sligh Middle School,1482,ESE_Status,No,263,479
2024,Sligh Middle School,1482,ESE_Status,Yes,47,130
2024,Sligh Middle School,1482,Ethnicity,American Indian or Alaskan Native,0 ,0
2024,Sligh Middle School,1482,Ethnicity,Asian,0 ,0 
2024,Sligh Middle School,1482,Ethnicity,Black or African American,190,427
2024,Sligh Middle School,1482,Ethnicity,Hispanic,87,138
2024,Sligh Middle School,1482,Ethnicity,Multiracial,12,0 
2024,Sligh Middle School,1482,Ethnicity,Native Hawaiian or Pacific Islander,0 ,0 
2024,Sligh Middle School,1482,Ethnicity,White,15,32
2024,Sligh Middle School,1482,Gender,Female,165,265
2024,Sligh Middle School,1482,Gender,Male,145,344
2024,Sligh Middle School,1482,Meal_Status,FREE/REDUCED LUNCH,310,609
2024,Sligh Middle School,1482,School Total,School Total,310,609
2024,Hillsborough High School,1881,ELL_Status,No,406,988
2024,Hillsborough High School,1881,ELL_Status,Yes,0 ,340
2024,Hillsborough High School,1881,ESE_Status,No,399,1105
2024,Hillsborough High School,1881,ESE_Status,Yes,0 ,223
2024,Hillsborough High School,1881,Ethnicity,American Indian or Alaskan Native,0 ,0 
2024,Hillsborough High School,1881,Ethnicity,Asian,99,22
2024,Hillsborough High School,1881,Ethnicity,Black or African American,55,428
2024,Hillsborough High School,1881,Ethnicity,Hispanic,104,745
2024,Hillsborough High School,1881,Ethnicity,Multiracial,26,20
2024,Hillsborough High School,1881,Ethnicity,Native Hawaiian or Pacific Islander,0 ,0 
2024,Hillsborough High School,1881,Ethnicity,White,120,111
2024,Hillsborough High School,1881,Gender,Female,212,675
2024,Hillsborough High School,1881,Gender,Male,195,653
2024,Hillsborough High School,1881,Meal_Status,FREE/REDUCED LUNCH,401,1326
2024,Hillsborough High School,1881,Meal_Status,NON FREE/REDUCED,0 ,0 
2024,Hillsborough High School,1881,School Total,School Total,407,1328
2024,King High School,2241,ELL_Status,No,209,838
2024,King High School,2241,ELL_Status,Yes,0 ,143
2024,King High School,2241,ESE_Status,No,205,783
2024,King High School,2241,ESE_Status,Yes,0 ,198
2024,King High School,2241,Ethnicity,American Indian or Alaskan Native,0 ,0 
2024,King High School,2241,Ethnicity,Asian,85,53
2024,King High School,2241,Ethnicity,Black or African American,40,489
2024,King High School,2241,Ethnicity,Hispanic,15,261
2024,King High School,2241,Ethnicity,Multiracial,16,41
2024,King High School,2241,Ethnicity,Native Hawaiian or Pacific Islander,0,0 
2024,King High School,2241,Ethnicity,White,53,130
2024,King High School,2241,Gender,Female,94,455
2024,King High School,2241,Gender,Male,116,526
2024,King High School,2241,Meal_Status,FREE/REDUCED LUNCH,206,978
2024,King High School,2241,Meal_Status,NON FREE/REDUCED,0 ,0 
2024,King High School,2241,School Total,School Total,210,981
2024,Leto High School,2421,ELL_Status,No,302,1221
2024,Leto High School,2421,ELL_Status,Yes,0 ,572
2024,Leto High School,2421,ESE_Status,No,288,1542
2024,Leto High School,2421,ESE_Status,Yes,15,251
2024,Leto High School,2421,Ethnicity,American Indian or Alaskan Native,0 ,0
2024,Leto High School,2421,Ethnicity,Asian,16,29
2024,Leto High School,2421,Ethnicity,Black or African American,19,114
2024,Leto High School,2421,Ethnicity,Hispanic,223,1494
2024,Leto High School,2421,Ethnicity,Multiracial,12,22
2024,Leto High School,2421,Ethnicity,Native Hawaiian or Pacific Islander,0 ,0
2024,Leto High School,2421,Ethnicity,White,31,134
2024,Leto High School,2421,Gender,Female,169,827
2024,Leto High School,2421,Gender,Male,134,966
2024,Leto High School,2421,Meal_Status,FREE/REDUCED LUNCH,301,1791
2024,Leto High School,2421,Meal_Status,NON FREE/REDUCED,0 ,0 
2024,Leto High School,2421,School Total,School Total,303,1793
2024,Middleton High School,3004,ELL_Status,No,765,800
2024,Middleton High School,3004,ELL_Status,Yes,0,90
2024,Middleton High School,3004,ESE_Status,No,739,690
2024,Middleton High School,3004,ESE_Status,Yes,26,200
2024,Middleton High School,3004,Ethnicity,American Indian or Alaskan Native,0 ,0
2024,Middleton High School,3004,Ethnicity,Asian,358,10
2024,Middleton High School,3004,Ethnicity,Black or African American,117,610
2024,Middleton High School,3004,Ethnicity,Hispanic,122,216
2024,Middleton High School,3004,Ethnicity,Multiracial,32,27
2024,Middleton High School,3004,Ethnicity,Native Hawaiian or Pacific Islander,0 ,0
2024,Middleton High School,3004,Ethnicity,White,126,27
2024,Middleton High School,3004,Gender,Female,259,420
2024,Middleton High School,3004,Gender,Male,506,470
2024,Middleton High School,3004,Meal_Status,FREE/REDUCED LUNCH,748,890
2024,Middleton High School,3004,Meal_Status,NON FREE/REDUCED,17,0
2024,Middleton High School,3004,School Total,School Total,765,890
2024,Robinson High School,3731,ELL_Status,No,530,869
2024,Robinson High School,3731,ELL_Status,Yes,0,71
2024,Robinson High School,3731,ESE_Status,No,515,759
2024,Robinson High School,3731,ESE_Status,Yes,15,181
2024,Robinson High School,3731,Ethnicity,American Indian or Alaskan Native,0,0 
2024,Robinson High School,3731,Ethnicity,Asian,65,32
2024,Robinson High School,3731,Ethnicity,Black or African American,25,174
2024,Robinson High School,3731,Ethnicity,Hispanic,92,268
2024,Robinson High School,3731,Ethnicity,Multiracial,45,78
2024,Robinson High School,3731,Ethnicity,Native Hawaiian or Pacific Islander,0 ,0 
2024,Robinson High School,3731,Ethnicity,White,301,383
2024,Robinson High School,3731,Gender,Female,295,445
2024,Robinson High School,3731,Gender,Male,235,495
2024,Robinson High School,3731,Meal_Status,FREE/REDUCED LUNCH,524,934
2024,Robinson High School,3731,Meal_Status,NON FREE/REDUCED,0 ,0 
2024,Robinson High School,3731,School Total,School Total,530,940
2024,Jefferson High School,3784,ELL_Status,No,472,731
2024,Jefferson High School,3784,ELL_Status,Yes,0 ,169
2024,Jefferson High School,3784,ESE_Status,No,436,726
2024,Jefferson High School,3784,ESE_Status,Yes,38,174
2024,Jefferson High School,3784,Ethnicity,American Indian or Alaskan Native,0,0 
2024,Jefferson High School,3784,Ethnicity,Asian,0 ,11
2024,Jefferson High School,3784,Ethnicity,Black or African American,179,205
2024,Jefferson High School,3784,Ethnicity,Hispanic,228,612
2024,Jefferson High School,3784,Ethnicity,Multiracial,23,22
2024,Jefferson High School,3784,Ethnicity,White,36,49
2024,Jefferson High School,3784,Gender,Female,272,406
2024,Jefferson High School,3784,Gender,Male,202,494
2024,Jefferson High School,3784,Meal_Status,FREE/REDUCED LUNCH,473,898
2024,Jefferson High School,3784,Meal_Status,NON FREE/REDUCED,0 ,0 
2024,Jefferson High School,3784,School Total,School Total,474,900
2024,Building Construction Academy at Bowers Whitley,4155,ELL_Status,No,33,73
2024,Building Construction Academy at Bowers Whitley,4155,ELL_Status,Yes,0 ,0 
2024,Building Construction Academy at Bowers Whitley,4155,ESE_Status,No,24,55
2024,Building Construction Academy at Bowers Whitley,4155,ESE_Status,Yes,11,23
2024,Building Construction Academy at Bowers Whitley,4155,Ethnicity,Asian,0,0 
2024,Building Construction Academy at Bowers Whitley,4155,Ethnicity,Black or African American,0 ,21
2024,Building Construction Academy at Bowers Whitley,4155,Ethnicity,Hispanic,16,39
2024,Building Construction Academy at Bowers Whitley,4155,Ethnicity,Multiracial,0 ,0 
2024,Building Construction Academy at Bowers Whitley,4155,Ethnicity,White,0 ,13
2024,Building Construction Academy at Bowers Whitley,4155,Gender,Female,0 ,0 
2024,Building Construction Academy at Bowers Whitley,4155,Gender,Male,29,70
2024,Building Construction Academy at Bowers Whitley,4155,Meal_Status,FREE/REDUCED LUNCH,35,78
2024,Building Construction Academy at Bowers Whitley,4155,School Total,School Total,35,78
2024,Tampa Bay Tech High School,4221,ELL_Status,No,2168,0 
2024,Tampa Bay Tech High School,4221,ELL_Status,Yes,15,0
2024,Tampa Bay Tech High School,4221,ESE_Status,No,2048,0 
2024,Tampa Bay Tech High School,4221,ESE_Status,Yes,135,0
2024,Tampa Bay Tech High School,4221,Ethnicity,American Indian or Alaskan Native,0 ,0
2024,Tampa Bay Tech High School,4221,Ethnicity,Asian,56,0
2024,Tampa Bay Tech High School,4221,Ethnicity,Black or African American,1163,0
2024,Tampa Bay Tech High School,4221,Ethnicity,Hispanic,607,0 
2024,Tampa Bay Tech High School,4221,Ethnicity,Multiracial,112,0 
2024,Tampa Bay Tech High School,4221,Ethnicity,Native Hawaiian or Pacific Islander,0 ,0
2024,Tampa Bay Tech High School,4221,Ethnicity,White,238,0
2024,Tampa Bay Tech High School,4221,Gender,Female,1254,0 
2024,Tampa Bay Tech High School,4221,Gender,Male,929,0
2024,Tampa Bay Tech High School,4221,Meal_Status,FREE/REDUCED LUNCH,2176,0 
2024,Tampa Bay Tech High School,4221,Meal_Status,NON FREE/REDUCED,0 ,0
2024,Tampa Bay Tech High School,4221,School Total,School Total,2183,0 
2025,Spoto High School ,0043,ELL_Status,No,214,1483
2025,Spoto High School ,0043,ELL_Status,Yes,0,209
2025,Spoto High School ,0043,ESE Status,No,206,1383
2025,Spoto High School ,0043,ESE Status,Yes,0 ,309
2025,Spoto High School ,0043,Ethnicity,American Indian or Alaska Native,0,0 
2025,Spoto High School ,0043,Ethnicity,Asian,0 ,32
2025,Spoto High School ,0043,Ethnicity,"Black, Non-Hispanic",74,676
2025,Spoto High School ,0043,Ethnicity,Hawaiian Native/Pacific Islander ,0,0 
2025,Spoto High School ,0043,Ethnicity,Hispanic,71,756
2025,Spoto High School ,0043,Ethnicity,Multi-racial,14,63
2025,Spoto High School ,0043,Ethnicity,"White, Non-Hispanic",52,163
2025,Spoto High School ,0043,Gender,Female,125,778
2025,Spoto High School ,0043,Gender,Male,89,914
2025,Spoto High School ,0043,Meal_Status,FREE/REDUCED LUNCH,214,1692
2025,Spoto High School ,0043,School Total,School Total,214,1692
2025,Lennard High School ,0073,ELL_Status,No,382,1767
2025,Lennard High School ,0073,ELL_Status,Yes,0,101
2025,Lennard High School ,0073,ESE Status,No,376,1531
2025,Lennard High School ,0073,ESE Status,Yes,0 ,337
2025,Lennard High School ,0073,Ethnicity,American Indian or Alaska Native,0 ,0 
2025,Lennard High School ,0073,Ethnicity,Asian,16,23
2025,Lennard High School ,0073,Ethnicity,"Black, Non-Hispanic",59,520
2025,Lennard High School ,0073,Ethnicity,Hawaiian Native/Pacific Islander ,0,0 
2025,Lennard High School ,0073,Ethnicity,Hispanic,91,833
2025,Lennard High School ,0073,Ethnicity,Multi-racial,17,73
2025,Lennard High School ,0073,Ethnicity,"White, Non-Hispanic",196,407
2025,Lennard High School ,0073,Ethnicity,,0,0 
2025,Lennard High School ,0073,Gender,Female,233,885
2025,Lennard High School ,0073,Gender,Male,149,983
2025,Lennard High School ,0073,Meal_Status,FREE/REDUCED LUNCH,382,1868
2025,Lennard High School ,0073,School Total,School Total,382,1868
2025,Strawberry Crest High School ,0093,ELL_Status,No,534,1721
2025,Strawberry Crest High School ,0093,ELL_Status,Yes,0,69
2025,Strawberry Crest High School ,0093,ESE Status,No,532,1514
2025,Strawberry Crest High School ,0093,ESE Status,Yes,0,276
2025,Strawberry Crest High School ,0093,Ethnicity,American Indian or Alaska Native,0,0 
2025,Strawberry Crest High School ,0093,Ethnicity,Asian,353,20
2025,Strawberry Crest High School ,0093,Ethnicity,"Black, Non-Hispanic",26,108
2025,Strawberry Crest High School ,0093,Ethnicity,Hispanic,50,992
2025,Strawberry Crest High School ,0093,Ethnicity,Multi-racial,18,42
2025,Strawberry Crest High School ,0093,Ethnicity,"White, Non-Hispanic",83,625
2025,Strawberry Crest High School ,0093,Gender,Female,300,924
2025,Strawberry Crest High School ,0093,Gender,Male,234,866
2025,Strawberry Crest High School ,0093,Meal_Status,FREE/REDUCED LUNCH,534,1790
2025,Strawberry Crest High School ,0093,School Total,School Total,534,1790
2025,Armwood High School ,0131,ELL_Status,No,388,1607
2025,Armwood High School ,0131,ELL_Status,Yes,0,170
2025,Armwood High School ,0131,ESE Status,No,380,1437
2025,Armwood High School ,0131,ESE Status,Yes,0,340
2025,Armwood High School ,0131,Ethnicity,Asian,18,20
2025,Armwood High School ,0131,Ethnicity,"Black, Non-Hispanic",137,718
2025,Armwood High School ,0131,Ethnicity,Hawaiian Native/Pacific Islander ,0,0 
2025,Armwood High School ,0131,Ethnicity,Hispanic,112,674
2025,Armwood High School ,0131,Ethnicity,Multi-racial,15,58
2025,Armwood High School ,0131,Ethnicity,"White, Non-Hispanic",103,305
2025,Armwood High School ,0131,Gender,Female,259,850
2025,Armwood High School ,0131,Gender,Male,130,927
2025,Armwood High School ,0131,Meal_Status,FREE/REDUCED LUNCH,389,1777
2025,Armwood High School ,0131,School Total,School Total,389,1777
2025,Alonso High School ,0151,ELL_Status,No,493,1850
2025,Alonso High School ,0151,ELL_Status,Yes,0,354
2025,Alonso High School ,0151,ESE Status,No,484,1894
2025,Alonso High School ,0151,ESE Status,Yes,0,310
2025,Alonso High School ,0151,Ethnicity,American Indian or Alaska Native,0,0 
2025,Alonso High School ,0151,Ethnicity,Asian,110,75
2025,Alonso High School ,0151,Ethnicity,"Black, Non-Hispanic",11,127
2025,Alonso High School ,0151,Ethnicity,Hawaiian Native/Pacific Islander ,0,0 
2025,Alonso High School ,0151,Ethnicity,Hispanic,200,1433
2025,Alonso High School ,0151,Ethnicity,Multi-racial,32,75
2025,Alonso High School ,0151,Ethnicity,"White, Non-Hispanic",139,490
2025,Alonso High School ,0151,Gender,Female,249,1084
2025,Alonso High School ,0151,Gender,Male,244,1120
2025,Alonso High School ,0151,Meal_Status,FREE/REDUCED LUNCH,493,2204
2025,Alonso High School ,0151,School Total,School Total,493,2204
2025,Blake High School ,0281,ELL_Status,No,716,685
2025,Blake High School ,0281,ELL_Status,Yes,0,91
2025,Blake High School ,0281,ESE Status,No,655,606
2025,Blake High School ,0281,ESE Status,Yes,65,170
2025,Blake High School ,0281,Ethnicity,American Indian or Alaska Native,0,0 
2025,Blake High School ,0281,Ethnicity,Asian,16,0 
2025,Blake High School ,0281,Ethnicity,"Black, Non-Hispanic",228,395
2025,Blake High School ,0281,Ethnicity,Hawaiian Native/Pacific Islander ,0,0 
2025,Blake High School ,0281,Ethnicity,Hispanic,211,284
2025,Blake High School ,0281,Ethnicity,Multi-racial,50,24
2025,Blake High School ,0281,Ethnicity,"White, Non-Hispanic",213,65
2025,Blake High School ,0281,Gender,Female,532,378
2025,Blake High School ,0281,Gender,Male,188,398
2025,Blake High School ,0281,Meal_Status,FREE/REDUCED LUNCH,720,776
2025,Blake High School ,0281,School Total,School Total,720,776
2025,Medical Academy at D.W. Waters ,0363,ELL_Status,No,109,0
2025,Medical Academy at D.W. Waters ,0363,ELL_Status,Yes,0,0
2025,Medical Academy at D.W. Waters ,0363,ESE Status,No,99,0
2025,Medical Academy at D.W. Waters ,0363,ESE Status,Yes,12,0
2025,Medical Academy at D.W. Waters ,0363,Ethnicity,Asian,0,0
2025,Medical Academy at D.W. Waters ,0363,Ethnicity,"Black, Non-Hispanic",41,0
2025,Medical Academy at D.W. Waters ,0363,Ethnicity,Hawaiian Native/Pacific Islander ,0,0
2025,Medical Academy at D.W. Waters ,0363,Ethnicity,Hispanic,50,0
2025,Medical Academy at D.W. Waters ,0363,Ethnicity,Multi-racial,0,0
2025,Medical Academy at D.W. Waters ,0363,Ethnicity,"White, Non-Hispanic",11,0
2025,Medical Academy at D.W. Waters ,0363,Gender,Female,97,0
2025,Medical Academy at D.W. Waters ,0363,Gender,Male,14,0
2025,Medical Academy at D.W. Waters ,0363,Meal_Status,FREE/REDUCED LUNCH,111,0
2025,Medical Academy at D.W. Waters ,0363,School Total,School Total,111,0
2025,Dowdell Middle Magnet School ,0842,ELL_Status,No,126,401
2025,Dowdell Middle Magnet School ,0842,ELL_Status,Yes,0,90
2025,Dowdell Middle Magnet School ,0842,ESE Status,No,104,409
2025,Dowdell Middle Magnet School ,0842,ESE Status,Yes,24,82
2025,Dowdell Middle Magnet School ,0842,Ethnicity,American Indian or Alaska Native,0,0 
2025,Dowdell Middle Magnet School ,0842,Ethnicity,Asian,0,0 
2025,Dowdell Middle Magnet School ,0842,Ethnicity,"Black, Non-Hispanic",47,87
2025,Dowdell Middle Magnet School ,0842,Ethnicity,Hawaiian Native/Pacific Islander ,0,0
2025,Dowdell Middle Magnet School ,0842,Ethnicity,Hispanic,56,315
2025,Dowdell Middle Magnet School ,0842,Ethnicity,Multi-racial,0,20
2025,Dowdell Middle Magnet School ,0842,Ethnicity,"White, Non-Hispanic",18,64
2025,Dowdell Middle Magnet School ,0842,Gender,Female,58,244
2025,Dowdell Middle Magnet School ,0842,Gender,Male,70,247
2025,Dowdell Middle Magnet School ,0842,Meal_Status,FREE/REDUCED LUNCH,128,491
2025,Dowdell Middle Magnet School ,0842,School Total,School Total,128,491
2025,Essrig Elementary School ,1431,ELL_Status,No,79,396
2025,Essrig Elementary School ,1431,ELL_Status,Yes,0,100
2025,Essrig Elementary School ,1431,ESE Status,No,76,404
2025,Essrig Elementary School ,1431,ESE Status,Yes,0,92
2025,Essrig Elementary School ,1431,Ethnicity,American Indian or Alaska Native,0,0 
2025,Essrig Elementary School ,1431,Ethnicity,Asian,0,23
2025,Essrig Elementary School ,1431,Ethnicity,"Black, Non-Hispanic",12,26
2025,Essrig Elementary School ,1431,Ethnicity,Hispanic,25,314
2025,Essrig Elementary School ,1431,Ethnicity,Multi-racial,10,22
2025,Essrig Elementary School ,1431,Ethnicity,"White, Non-Hispanic",34,110
2025,Essrig Elementary School ,1431,Gender,Female,34,232
2025,Essrig Elementary School ,1431,Gender,Male,51,264
2025,Essrig Elementary School ,1431,Meal_Status,FREE/REDUCED LUNCH,85,495
2025,Essrig Elementary School ,1431,Meal_Status,NON FREE/REDUCED,0,0 
2025,Essrig Elementary School ,1431,School Total,School Total,85,496
2025,Sligh Middle School ,1482,ELL_Status,No,243,460
2025,Sligh Middle School ,1482,ELL_Status,Yes,0,45
2025,Sligh Middle School ,1482,ESE Status,No,210,411
2025,Sligh Middle School ,1482,ESE Status,Yes,42,94
2025,Sligh Middle School ,1482,Ethnicity,American Indian or Alaska Native,0,0 
2025,Sligh Middle School ,1482,Ethnicity,Asian,0,0 
2025,Sligh Middle School ,1482,Ethnicity,"Black, Non-Hispanic",139,343
2025,Sligh Middle School ,1482,Ethnicity,Hawaiian Native/Pacific Islander ,0,0 
2025,Sligh Middle School ,1482,Ethnicity,Hispanic,83,131
2025,Sligh Middle School ,1482,Ethnicity,Multi-racial,14,13
2025,Sligh Middle School ,1482,Ethnicity,"White, Non-Hispanic",12,14
2025,Sligh Middle School ,1482,Gender,Female,134,228
2025,Sligh Middle School ,1482,Gender,Male,118,277
2025,Sligh Middle School ,1482,Meal_Status,FREE/REDUCED LUNCH,252,505
2025,Sligh Middle School ,1482,School Total,School Total,252,505
2025,Hillsborough High School ,1881,ELL_Status,No,368,849
2025,Hillsborough High School ,1881,ELL_Status,Yes,0,308
2025,Hillsborough High School ,1881,ESE Status,No,358,974
2025,Hillsborough High School ,1881,ESE Status,Yes,10,183
2025,Hillsborough High School ,1881,Ethnicity,American Indian or Alaska Native,0,0 
2025,Hillsborough High School ,1881,Ethnicity,Asian,80,17
2025,Hillsborough High School ,1881,Ethnicity,"Black, Non-Hispanic",60,365
2025,Hillsborough High School ,1881,Ethnicity,Hawaiian Native/Pacific Islander ,0,0 
2025,Hillsborough High School ,1881,Ethnicity,Hispanic,101,672
2025,Hillsborough High School ,1881,Ethnicity,Multi-racial,25,22
2025,Hillsborough High School ,1881,Ethnicity,"White, Non-Hispanic",98,79
2025,Hillsborough High School ,1881,Gender,Female,190,591
2025,Hillsborough High School ,1881,Gender,Male,178,566
2025,Hillsborough High School ,1881,Meal_Status,FREE/REDUCED LUNCH,368,1157
2025,Hillsborough High School ,1881,School Total,School Total,368,1157
2025,King High School ,2241,ELL_Status,No,165,655
2025,King High School ,2241,ELL_Status,Yes,0,125
2025,King High School ,2241,ESE Status,No,160,630
2025,King High School ,2241,ESE Status,Yes,0,150
2025,King High School ,2241,Ethnicity,American Indian or Alaska Native,0,0
2025,King High School ,2241,Ethnicity,Asian,56,42
2025,King High School ,2241,Ethnicity,"Black, Non-Hispanic",34,398
2025,King High School ,2241,Ethnicity,Hawaiian Native/Pacific Islander ,0,0 
2025,King High School ,2241,Ethnicity,Hispanic,14,216
2025,King High School ,2241,Ethnicity,Multi-racial,11,30
2025,King High School ,2241,Ethnicity,"White, Non-Hispanic",49,89
2025,King High School ,2241,Gender,Female,78,353
2025,King High School ,2241,Gender,Male,87,427
2025,King High School ,2241,Meal_Status,FREE/REDUCED LUNCH,165,780
2025,King High School ,2241,School Total,School Total,165,780
2025,Leto High School ,2421,ELL_Status,No,288,1043
2025,Leto High School ,2421,ELL_Status,Yes,0,497
2025,Leto High School ,2421,ESE Status,No,274,1330
2025,Leto High School ,2421,ESE Status,Yes,18,210
2025,Leto High School ,2421,Ethnicity,American Indian or Alaska Native,0,0
2025,Leto High School ,2421,Ethnicity,Asian,14,22
2025,Leto High School ,2421,Ethnicity,"Black, Non-Hispanic",14,90
2025,Leto High School ,2421,Ethnicity,Hawaiian Native/Pacific Islander ,0,0 
2025,Leto High School ,2421,Ethnicity,Hispanic,221,1300
2025,Leto High School ,2421,Ethnicity,Multi-racial,0,20
2025,Leto High School ,2421,Ethnicity,"White, Non-Hispanic",32,105
2025,Leto High School ,2421,Ethnicity,,0,0 
2025,Leto High School ,2421,Gender,Female,163,720
2025,Leto High School ,2421,Gender,Male,129,820
2025,Leto High School ,2421,Meal_Status,FREE/REDUCED LUNCH,292,1540
2025,Leto High School ,2421,School Total,School Total,292,1540
2025,Middleton High School ,3004,ELL_Status,No,734,622
2025,Middleton High School ,3004,ELL_Status,Yes,0,64
2025,Middleton High School ,3004,ESE Status,No,706,517
2025,Middleton High School ,3004,ESE Status,Yes,30,169
2025,Middleton High School ,3004,Ethnicity,American Indian or Alaska Native,10,0
2025,Middleton High School ,3004,Ethnicity,Asian,392,11
2025,Middleton High School ,3004,Ethnicity,"Black, Non-Hispanic",110,464
2025,Middleton High School ,3004,Ethnicity,Hawaiian Native/Pacific Islander ,0,0 
2025,Middleton High School ,3004,Ethnicity,Hispanic,90,170
2025,Middleton High School ,3004,Ethnicity,Multi-racial,32,22
2025,Middleton High School ,3004,Ethnicity,"White, Non-Hispanic",102,17
2025,Middleton High School ,3004,Gender,Female,246,320
2025,Middleton High School ,3004,Gender,Male,490,366
2025,Middleton High School ,3004,Meal_Status,FREE/REDUCED LUNCH,736,686
2025,Middleton High School ,3004,School Total,School Total,736,686
2025,Robinson High School ,3731,ELL_Status,No,531,828
2025,Robinson High School ,3731,ELL_Status,Yes,0,55
2025,Robinson High School ,3731,ESE Status,No,525,684
2025,Robinson High School ,3731,ESE Status,Yes,0,199
2025,Robinson High School ,3731,Ethnicity,American Indian or Alaska Native,0,0 
2025,Robinson High School ,3731,Ethnicity,Asian,62,25
2025,Robinson High School ,3731,Ethnicity,"Black, Non-Hispanic",22,164
2025,Robinson High School ,3731,Ethnicity,Hawaiian Native/Pacific Islander ,0,0
2025,Robinson High School ,3731,Ethnicity,Hispanic,93,249
2025,Robinson High School ,3731,Ethnicity,Multi-racial,52,86
2025,Robinson High School ,3731,Ethnicity,"White, Non-Hispanic",301,357
2025,Robinson High School ,3731,Gender,Female,284,415
2025,Robinson High School ,3731,Gender,Male,248,468
2025,Robinson High School ,3731,Meal_Status,FREE/REDUCED LUNCH,532,883
2025,Robinson High School ,3731,School Total,School Total,532,883
2025,Jefferson High School ,3784,ELL_Status,No,417,658
2025,Jefferson High School ,3784,ELL_Status,Yes,0,112
2025,Jefferson High School ,3784,ESE Status,No,383,619
2025,Jefferson High School ,3784,ESE Status,Yes,35,151
2025,Jefferson High School ,3784,Ethnicity,American Indian or Alaska Native,0,0 
2025,Jefferson High School ,3784,Ethnicity,Asian,0,12
2025,Jefferson High School ,3784,Ethnicity,"Black, Non-Hispanic",151,185
2025,Jefferson High School ,3784,Ethnicity,Hawaiian Native/Pacific Islander ,0,0 
2025,Jefferson High School ,3784,Ethnicity,Hispanic,203,494
2025,Jefferson High School ,3784,Ethnicity,Multi-racial,23,20
2025,Jefferson High School ,3784,Ethnicity,"White, Non-Hispanic",35,57
2025,Jefferson High School ,3784,Gender,Female,228,331
2025,Jefferson High School ,3784,Gender,Male,190,439
2025,Jefferson High School ,3784,Meal_Status,FREE/REDUCED LUNCH,418,770
2025,Jefferson High School ,3784,School Total,School Total,418,770
2025,Tampa Bay Tech High School ,4221,ELL_Status,No,1969,108
2025,Tampa Bay Tech High School ,4221,ELL_Status,Yes,0,0 
2025,Tampa Bay Tech High School ,4221,ESE Status,No,1853,97
2025,Tampa Bay Tech High School ,4221,ESE Status,Yes,124,12
2025,Tampa Bay Tech High School ,4221,Ethnicity,American Indian or Alaska Native,0,0
2025,Tampa Bay Tech High School ,4221,Ethnicity,Asian,48,0 
2025,Tampa Bay Tech High School ,4221,Ethnicity,"Black, Non-Hispanic",1061,63
2025,Tampa Bay Tech High School ,4221,Ethnicity,Hawaiian Native/Pacific Islander ,0,0 
2025,Tampa Bay Tech High School ,4221,Ethnicity,Hispanic,560,26
2025,Tampa Bay Tech High School ,4221,Ethnicity,Multi-racial,114,0 
2025,Tampa Bay Tech High School ,4221,Ethnicity,"White, Non-Hispanic",185,11
2025,Tampa Bay Tech High School ,4221,Gender,Female,1168,48
2025,Tampa Bay Tech High School ,4221,Gender,Male,809,61
2025,Tampa Bay Tech High School ,4221,Meal_Status,FREE/REDUCED LUNCH,1977,109
2025,Tampa Bay Tech High School ,4221,School Total,School Total,1977,109
